set,n,result,instance,D,runtime,seed
BBGRL,1000,990,1000_ep0.0075_0_gilbert_7.in,1,67.985,1.50369E+18
BBGRL,1000,982,1000_ep0.0075_0_gilbert_7.in,2,167.3589,1.50369E+18
BBGRL,1000,975,1000_ep0.0075_0_gilbert_7.in,3,167.3918,1.50369E+18
BBGRL,1000,2,1000_ep0.0075_0_gilbert_7.in,4,45.6402,1.50369E+18
BBGRL,1000,1,1000_ep0.0075_0_gilbert_7.in,5,8.2476,1.50369E+18
BBGRL,1000,1,1000_ep0.0075_0_gilbert_7.in,6,8.5441,1.50369E+18
BBGRL,1000,1,1000_ep0.0075_0_gilbert_7.in,7,9.0826,1.50369E+18
BBGRL,1000,1,1000_ep0.0075_0_gilbert_7.in,8,8.4756,1.50369E+18
BBGRL,1000,1,1000_ep0.0075_0_gilbert_7.in,9,8.3095,1.50369E+18
BBGRL,1000,1,1000_ep0.0075_0_gilbert_7.in,10,8.4934,1.50369E+18
BBGRL,1000,992,1000_ep0.0075_0_gilbert_2.in,1,47.9655,1.50369E+18
BBGRL,1000,984,1000_ep0.0075_0_gilbert_2.in,2,122.5243,1.50369E+18
BBGRL,1000,976,1000_ep0.0075_0_gilbert_2.in,3,167.2191,1.50369E+18
BBGRL,1000,969,1000_ep0.0075_0_gilbert_2.in,4,168.4514,1.50369E+18
BBGRL,1000,960,1000_ep0.0075_0_gilbert_2.in,5,167.3499,1.50369E+18
BBGRL,1000,950,1000_ep0.0075_0_gilbert_2.in,6,167.1988,1.50369E+18
BBGRL,1000,3,1000_ep0.0075_0_gilbert_2.in,7,63.4926,1.50369E+18
BBGRL,1000,2,1000_ep0.0075_0_gilbert_2.in,8,26.6008,1.50369E+18
BBGRL,1000,1,1000_ep0.0075_0_gilbert_2.in,9,10.5086,1.50369E+18
BBGRL,1000,1,1000_ep0.0075_0_gilbert_2.in,10,10.6648,1.50369E+18
BBGRL,1000,995,1000_ep0.0125_0_gilbert_3.in,1,51.3734,1.50369E+18
BBGRL,1000,990,1000_ep0.0125_0_gilbert_3.in,2,167.356,1.50369E+18
BBGRL,1000,985,1000_ep0.0125_0_gilbert_3.in,3,167.6686,1.50369E+18
BBGRL,1000,980,1000_ep0.0125_0_gilbert_3.in,4,167.3019,1.50369E+18
BBGRL,1000,974,1000_ep0.0125_0_gilbert_3.in,5,167.2451,1.50369E+18
BBGRL,1000,968,1000_ep0.0125_0_gilbert_3.in,6,167.207,1.50369E+18
BBGRL,1000,961,1000_ep0.0125_0_gilbert_3.in,7,167.9446,1.50369E+18
BBGRL,1000,958,1000_ep0.0125_0_gilbert_3.in,8,167.2437,1.50369E+18
BBGRL,1000,950,1000_ep0.0125_0_gilbert_3.in,9,167.2446,1.50369E+18
BBGRL,1000,945,1000_ep0.0125_0_gilbert_3.in,10,167.2464,1.50369E+18
BBGRL,1000,995,1000_ep0.01_0_gilbert_7.in,1,53.7416,1.50369E+18
BBGRL,1000,990,1000_ep0.01_0_gilbert_7.in,2,167.3386,1.50369E+18
BBGRL,1000,983,1000_ep0.01_0_gilbert_7.in,3,167.1629,1.50369E+18
BBGRL,1000,978,1000_ep0.01_0_gilbert_7.in,4,167.9526,1.50369E+18
BBGRL,1000,973,1000_ep0.01_0_gilbert_7.in,5,167.2545,1.50369E+18
BBGRL,1000,965,1000_ep0.01_0_gilbert_7.in,6,167.1587,1.50369E+18
BBGRL,1000,959,1000_ep0.01_0_gilbert_7.in,7,167.2832,1.50369E+18
BBGRL,1000,954,1000_ep0.01_0_gilbert_7.in,8,167.214,1.50369E+18
BBGRL,1000,946,1000_ep0.01_0_gilbert_7.in,9,167.1407,1.50369E+18
BBGRL,1000,942,1000_ep0.01_0_gilbert_7.in,10,167.412,1.50369E+18
BBGRL,1000,994,1000_ep0.01_0_gilbert_5.in,1,60.411,1.50369E+18
BBGRL,1000,987,1000_ep0.01_0_gilbert_5.in,2,167.1552,1.50369E+18
BBGRL,1000,981,1000_ep0.01_0_gilbert_5.in,3,168.0652,1.5037E+18
BBGRL,1000,978,1000_ep0.01_0_gilbert_5.in,4,170.1581,1.5037E+18
BBGRL,1000,970,1000_ep0.01_0_gilbert_5.in,5,167.2448,1.5037E+18
BBGRL,1000,953,1000_ep0.01_0_gilbert_5.in,6,167.3417,1.5037E+18
BBGRL,1000,1,1000_ep0.01_0_gilbert_5.in,7,11.6982,1.5037E+18
BBGRL,1000,1,1000_ep0.01_0_gilbert_5.in,8,12.1317,1.5037E+18
BBGRL,1000,1,1000_ep0.01_0_gilbert_5.in,9,12.2465,1.5037E+18
BBGRL,1000,1,1000_ep0.01_0_gilbert_5.in,10,11.8315,1.5037E+18
BBGRL,1000,995,1000_ep0.0125_0_gilbert_1.in,1,48.9583,1.5037E+18
BBGRL,1000,990,1000_ep0.0125_0_gilbert_1.in,2,167.3091,1.5037E+18
BBGRL,1000,986,1000_ep0.0125_0_gilbert_1.in,3,167.9407,1.5037E+18
BBGRL,1000,980,1000_ep0.0125_0_gilbert_1.in,4,167.1689,1.5037E+18
BBGRL,1000,976,1000_ep0.0125_0_gilbert_1.in,5,167.4914,1.5037E+18
BBGRL,1000,970,1000_ep0.0125_0_gilbert_1.in,6,167.2307,1.5037E+18
BBGRL,1000,964,1000_ep0.0125_0_gilbert_1.in,7,167.3963,1.5037E+18
BBGRL,1000,959,1000_ep0.0125_0_gilbert_1.in,8,167.3142,1.5037E+18
BBGRL,1000,953,1000_ep0.0125_0_gilbert_1.in,9,167.3311,1.5037E+18
BBGRL,1000,947,1000_ep0.0125_0_gilbert_1.in,10,167.2974,1.5037E+18
BBGRL,1000,995,1000_ep0.0125_0_gilbert_6.in,1,51.1554,1.5037E+18
BBGRL,1000,990,1000_ep0.0125_0_gilbert_6.in,2,167.2471,1.5037E+18
BBGRL,1000,984,1000_ep0.0125_0_gilbert_6.in,3,167.3746,1.5037E+18
BBGRL,1000,980,1000_ep0.0125_0_gilbert_6.in,4,167.2441,1.5037E+18
BBGRL,1000,973,1000_ep0.0125_0_gilbert_6.in,5,167.4958,1.5037E+18
BBGRL,1000,967,1000_ep0.0125_0_gilbert_6.in,6,167.2163,1.5037E+18
BBGRL,1000,962,1000_ep0.0125_0_gilbert_6.in,7,167.3428,1.5037E+18
BBGRL,1000,956,1000_ep0.0125_0_gilbert_6.in,8,167.4769,1.5037E+18
BBGRL,1000,950,1000_ep0.0125_0_gilbert_6.in,9,167.2959,1.5037E+18
BBGRL,1000,3,1000_ep0.0125_0_gilbert_6.in,10,143.3628,1.5037E+18
BBGRL,1000,990,1000_ep0.0075_0_gilbert_1.in,1,58.8599,1.5037E+18
BBGRL,1000,980,1000_ep0.0075_0_gilbert_1.in,2,167.1805,1.5037E+18
BBGRL,1000,976,1000_ep0.0075_0_gilbert_1.in,3,167.8906,1.5037E+18
BBGRL,1000,2,1000_ep0.0075_0_gilbert_1.in,4,45.3635,1.5037E+18
BBGRL,1000,1,1000_ep0.0075_0_gilbert_1.in,5,7.6196,1.5037E+18
BBGRL,1000,1,1000_ep0.0075_0_gilbert_1.in,6,7.7224,1.5037E+18
BBGRL,1000,1,1000_ep0.0075_0_gilbert_1.in,7,8.1352,1.5037E+18
BBGRL,1000,1,1000_ep0.0075_0_gilbert_1.in,8,8.1129,1.5037E+18
BBGRL,1000,1,1000_ep0.0075_0_gilbert_1.in,9,7.7396,1.5037E+18
BBGRL,1000,1,1000_ep0.0075_0_gilbert_1.in,10,7.6565,1.5037E+18
BBGRL,1000,992,1000_ep0.0075_0_gilbert_10.in,1,68.0644,1.5037E+18
BBGRL,1000,983,1000_ep0.0075_0_gilbert_10.in,2,167.1129,1.5037E+18
BBGRL,1000,977,1000_ep0.0075_0_gilbert_10.in,3,167.7194,1.5037E+18
BBGRL,1000,967,1000_ep0.0075_0_gilbert_10.in,4,167.61,1.5037E+18
BBGRL,1000,956,1000_ep0.0075_0_gilbert_10.in,5,167.2391,1.5037E+18
BBGRL,1000,2,1000_ep0.0075_0_gilbert_10.in,6,40.6413,1.5037E+18
BBGRL,1000,1,1000_ep0.0075_0_gilbert_10.in,7,9.1308,1.5037E+18
BBGRL,1000,1,1000_ep0.0075_0_gilbert_10.in,8,8.9631,1.5037E+18
BBGRL,1000,1,1000_ep0.0075_0_gilbert_10.in,9,8.4766,1.5037E+18
BBGRL,1000,1,1000_ep0.0075_0_gilbert_10.in,10,8.8767,1.5037E+18
BBGRL,1000,992,1000_ep0.0075_0_gilbert_3.in,1,56.4105,1.5037E+18
BBGRL,1000,983,1000_ep0.0075_0_gilbert_3.in,2,167.4075,1.5037E+18
BBGRL,1000,975,1000_ep0.0075_0_gilbert_3.in,3,167.2904,1.5037E+18
BBGRL,1000,965,1000_ep0.0075_0_gilbert_3.in,4,167.224,1.5037E+18
BBGRL,1000,960,1000_ep0.0075_0_gilbert_3.in,5,168.1452,1.5037E+18
BBGRL,1000,6,1000_ep0.0075_0_gilbert_3.in,6,70.5398,1.5037E+18
BBGRL,1000,3,1000_ep0.0075_0_gilbert_3.in,7,47.7577,1.5037E+18
BBGRL,1000,2,1000_ep0.0075_0_gilbert_3.in,8,11.8404,1.5037E+18
BBGRL,1000,1,1000_ep0.0075_0_gilbert_3.in,9,8.4303,1.5037E+18
BBGRL,1000,1,1000_ep0.0075_0_gilbert_3.in,10,8.4756,1.5037E+18
BBGRL,1000,994,1000_ep0.01_0_gilbert_1.in,1,59.5845,1.5037E+18
BBGRL,1000,987,1000_ep0.01_0_gilbert_1.in,2,68.7983,1.5037E+18
BBGRL,1000,982,1000_ep0.01_0_gilbert_1.in,3,167.4143,1.5037E+18
BBGRL,1000,976,1000_ep0.01_0_gilbert_1.in,4,167.1377,1.5037E+18
BBGRL,1000,969,1000_ep0.01_0_gilbert_1.in,5,167.1632,1.5037E+18
BBGRL,1000,964,1000_ep0.01_0_gilbert_1.in,6,167.1673,1.5037E+18
BBGRL,1000,957,1000_ep0.01_0_gilbert_1.in,7,167.212,1.5037E+18
BBGRL,1000,953,1000_ep0.01_0_gilbert_1.in,8,169.063,1.5037E+18
BBGRL,1000,947,1000_ep0.01_0_gilbert_1.in,9,167.2395,1.5037E+18
BBGRL,1000,937,1000_ep0.01_0_gilbert_1.in,10,167.2966,1.5037E+18
BBGRL,1000,994,1000_ep0.0125_0_gilbert_10.in,1,65.8745,1.5037E+18
BBGRL,1000,988,1000_ep0.0125_0_gilbert_10.in,2,167.4302,1.5037E+18
BBGRL,1000,981,1000_ep0.0125_0_gilbert_10.in,3,167.3239,1.5037E+18
BBGRL,1000,1,1000_ep0.0125_0_gilbert_10.in,4,11.0912,1.5037E+18
BBGRL,1000,1,1000_ep0.0125_0_gilbert_10.in,5,10.1678,1.5037E+18
BBGRL,1000,1,1000_ep0.0125_0_gilbert_10.in,6,10.4242,1.5037E+18
BBGRL,1000,1,1000_ep0.0125_0_gilbert_10.in,7,10.5389,1.5037E+18
BBGRL,1000,1,1000_ep0.0125_0_gilbert_10.in,8,10.4256,1.5037E+18
BBGRL,1000,1,1000_ep0.0125_0_gilbert_10.in,9,10.2625,1.5037E+18
BBGRL,1000,1,1000_ep0.0125_0_gilbert_10.in,10,10.9193,1.5037E+18
BBGRL,1000,993,1000_ep0.01_0_gilbert_8.in,1,64.0699,1.5037E+18
BBGRL,1000,986,1000_ep0.01_0_gilbert_8.in,2,86.1902,1.5037E+18
BBGRL,1000,978,1000_ep0.01_0_gilbert_8.in,3,167.3131,1.5037E+18
BBGRL,1000,973,1000_ep0.01_0_gilbert_8.in,4,166.772,1.5037E+18
BBGRL,1000,969,1000_ep0.01_0_gilbert_8.in,5,167.4279,1.5037E+18
BBGRL,1000,960,1000_ep0.01_0_gilbert_8.in,6,167.4294,1.5037E+18
BBGRL,1000,953,1000_ep0.01_0_gilbert_8.in,7,167.6329,1.5037E+18
BBGRL,1000,2,1000_ep0.01_0_gilbert_8.in,8,56.6385,1.5037E+18
BBGRL,1000,1,1000_ep0.01_0_gilbert_8.in,9,14.5346,1.5037E+18
BBGRL,1000,1,1000_ep0.01_0_gilbert_8.in,10,13.9357,1.5037E+18
BBGRL,1000,994,1000_ep0.01_0_gilbert_10.in,1,58.4238,1.5037E+18
BBGRL,1000,989,1000_ep0.01_0_gilbert_10.in,2,167.1573,1.5037E+18
BBGRL,1000,983,1000_ep0.01_0_gilbert_10.in,3,167.1565,1.5037E+18
BBGRL,1000,976,1000_ep0.01_0_gilbert_10.in,4,167.2203,1.5037E+18
BBGRL,1000,970,1000_ep0.01_0_gilbert_10.in,5,167.4967,1.5037E+18
BBGRL,1000,965,1000_ep0.01_0_gilbert_10.in,6,167.3509,1.5037E+18
BBGRL,1000,958,1000_ep0.01_0_gilbert_10.in,7,167.4392,1.50371E+18
BBGRL,1000,953,1000_ep0.01_0_gilbert_10.in,8,167.2468,1.50371E+18
BBGRL,1000,941,1000_ep0.01_0_gilbert_10.in,9,170.1584,1.50371E+18
BBGRL,1000,2,1000_ep0.01_0_gilbert_10.in,10,38.6869,1.50371E+18
BBGRL,1000,993,1000_ep0.01_0_gilbert_3.in,1,58.3064,1.50371E+18
BBGRL,1000,987,1000_ep0.01_0_gilbert_3.in,2,167.1471,1.50371E+18
BBGRL,1000,981,1000_ep0.01_0_gilbert_3.in,3,167.8606,1.50371E+18
BBGRL,1000,976,1000_ep0.01_0_gilbert_3.in,4,167.9417,1.50371E+18
BBGRL,1000,965,1000_ep0.01_0_gilbert_3.in,5,167.2218,1.50371E+18
BBGRL,1000,2,1000_ep0.01_0_gilbert_3.in,6,60.4433,1.50371E+18
BBGRL,1000,1,1000_ep0.01_0_gilbert_3.in,7,11.7625,1.50371E+18
BBGRL,1000,1,1000_ep0.01_0_gilbert_3.in,8,11.5097,1.50371E+18
BBGRL,1000,1,1000_ep0.01_0_gilbert_3.in,9,11.8559,1.50371E+18
BBGRL,1000,1,1000_ep0.01_0_gilbert_3.in,10,11.5622,1.50371E+18
BBGRL,1000,994,1000_ep0.01_0_gilbert_6.in,1,62.2879,1.50371E+18
BBGRL,1000,988,1000_ep0.01_0_gilbert_6.in,2,167.2121,1.50371E+18
BBGRL,1000,982,1000_ep0.01_0_gilbert_6.in,3,167.1994,1.50371E+18
BBGRL,1000,975,1000_ep0.01_0_gilbert_6.in,4,167.1609,1.50371E+18
BBGRL,1000,969,1000_ep0.01_0_gilbert_6.in,5,167.2318,1.50371E+18
BBGRL,1000,964,1000_ep0.01_0_gilbert_6.in,6,167.3103,1.50371E+18
BBGRL,1000,958,1000_ep0.01_0_gilbert_6.in,7,170.6476,1.50371E+18
BBGRL,1000,952,1000_ep0.01_0_gilbert_6.in,8,167.2023,1.50371E+18
BBGRL,1000,944,1000_ep0.01_0_gilbert_6.in,9,167.2161,1.50E+18
BBGRL,1000,932,1000_ep0.01_0_gilbert_6.in,10,167.4875,1.50371E+18
BBGRL,1000,995,1000_ep0.0125_0_gilbert_5.in,1,52.3351,1.50371E+18
BBGRL,1000,990,1000_ep0.0125_0_gilbert_5.in,2,167.6262,1.50371E+18
BBGRL,1000,984,1000_ep0.0125_0_gilbert_5.in,3,167.2286,1.50371E+18
BBGRL,1000,979,1000_ep0.0125_0_gilbert_5.in,4,167.3783,1.50371E+18
BBGRL,1000,975,1000_ep0.0125_0_gilbert_5.in,5,167.2468,1.50371E+18
BBGRL,1000,968,1000_ep0.0125_0_gilbert_5.in,6,167.2599,1.50371E+18
BBGRL,1000,963,1000_ep0.0125_0_gilbert_5.in,7,170.7755,1.50371E+18
BBGRL,1000,957,1000_ep0.0125_0_gilbert_5.in,8,167.39,1.50371E+18
BBGRL,1000,952,1000_ep0.0125_0_gilbert_5.in,9,170.0024,1.50371E+18
BBGRL,1000,3,1000_ep0.0125_0_gilbert_5.in,10,147.1128,1.50371E+18
BBGRL,1000,995,1000_ep0.0125_0_gilbert_9.in,1,47.5472,1.50371E+18
BBGRL,1000,989,1000_ep0.0125_0_gilbert_9.in,2,167.3976,1.50371E+18
BBGRL,1000,984,1000_ep0.0125_0_gilbert_9.in,3,167.2239,1.50371E+18
BBGRL,1000,980,1000_ep0.0125_0_gilbert_9.in,4,167.481,1.50371E+18
BBGRL,1000,974,1000_ep0.0125_0_gilbert_9.in,5,167.2585,1.50371E+18
BBGRL,1000,969,1000_ep0.0125_0_gilbert_9.in,6,167.5134,1.50371E+18
BBGRL,1000,962,1000_ep0.0125_0_gilbert_9.in,7,167.3566,1.50371E+18
BBGRL,1000,958,1000_ep0.0125_0_gilbert_9.in,8,167.2081,1.50371E+18
BBGRL,1000,952,1000_ep0.0125_0_gilbert_9.in,9,167.2969,1.50371E+18
BBGRL,1000,946,1000_ep0.0125_0_gilbert_9.in,10,167.3324,1.50371E+18
BBGRL,1000,995,1000_ep0.0125_0_gilbert_2.in,1,60.4473,1.50371E+18
BBGRL,1000,990,1000_ep0.0125_0_gilbert_2.in,2,167.2179,1.50371E+18
BBGRL,1000,984,1000_ep0.0125_0_gilbert_2.in,3,167.2481,1.50371E+18
BBGRL,1000,979,1000_ep0.0125_0_gilbert_2.in,4,167.3509,1.50371E+18
BBGRL,1000,973,1000_ep0.0125_0_gilbert_2.in,5,167.3815,1.50371E+18
BBGRL,1000,968,1000_ep0.0125_0_gilbert_2.in,6,167.2473,1.50371E+18
BBGRL,1000,961,1000_ep0.0125_0_gilbert_2.in,7,167.2554,1.50371E+18
BBGRL,1000,958,1000_ep0.0125_0_gilbert_2.in,8,167.2789,1.50371E+18
BBGRL,1000,950,1000_ep0.0125_0_gilbert_2.in,9,167.3286,1.50371E+18
BBGRL,1000,2,1000_ep0.0125_0_gilbert_2.in,10,51.1495,1.50371E+18
BBGRL,1000,995,1000_ep0.0125_0_gilbert_8.in,1,64.1626,1.50371E+18
BBGRL,1000,989,1000_ep0.0125_0_gilbert_8.in,2,167.4564,1.50371E+18
BBGRL,1000,983,1000_ep0.0125_0_gilbert_8.in,3,167.2317,1.50371E+18
BBGRL,1000,977,1000_ep0.0125_0_gilbert_8.in,4,167.5323,1.50371E+18
BBGRL,1000,971,1000_ep0.0125_0_gilbert_8.in,5,167.4559,1.50371E+18
BBGRL,1000,967,1000_ep0.0125_0_gilbert_8.in,6,167.2081,1.50371E+18
BBGRL,1000,960,1000_ep0.0125_0_gilbert_8.in,7,167.293,1.50371E+18
BBGRL,1000,950,1000_ep0.0125_0_gilbert_8.in,8,167.419,1.50371E+18
BBGRL,1000,2,1000_ep0.0125_0_gilbert_8.in,9,49.7113,1.50371E+18
BBGRL,1000,1,1000_ep0.0125_0_gilbert_8.in,10,17.4922,1.50371E+18
BBGRL,1000,994,1000_ep0.01_0_gilbert_9.in,1,58.9639,1.50371E+18
BBGRL,1000,988,1000_ep0.01_0_gilbert_9.in,2,167.1685,1.50371E+18
BBGRL,1000,982,1000_ep0.01_0_gilbert_9.in,3,167.8384,1.50371E+18
BBGRL,1000,974,1000_ep0.01_0_gilbert_9.in,4,167.4487,1.50371E+18
BBGRL,1000,2,1000_ep0.01_0_gilbert_9.in,5,55.8966,1.50371E+18
BBGRL,1000,1,1000_ep0.01_0_gilbert_9.in,6,11.3016,1.50371E+18
BBGRL,1000,1,1000_ep0.01_0_gilbert_9.in,7,10.9786,1.50371E+18
BBGRL,1000,1,1000_ep0.01_0_gilbert_9.in,8,11.1907,1.50371E+18
BBGRL,1000,1,1000_ep0.01_0_gilbert_9.in,9,11.2013,1.50371E+18
BBGRL,1000,1,1000_ep0.01_0_gilbert_9.in,10,10.9903,1.50371E+18
BBGRL,1000,991,1000_ep0.0075_0_gilbert_6.in,1,62.9075,1.50371E+18
BBGRL,1000,981,1000_ep0.0075_0_gilbert_6.in,2,167.2401,1.50371E+18
BBGRL,1000,974,1000_ep0.0075_0_gilbert_6.in,3,167.8466,1.50371E+18
BBGRL,1000,1,1000_ep0.0075_0_gilbert_6.in,4,8.0069,1.50372E+18
BBGRL,1000,1,1000_ep0.0075_0_gilbert_6.in,5,8.0978,1.50372E+18
BBGRL,1000,1,1000_ep0.0075_0_gilbert_6.in,6,7.9866,1.50372E+18
BBGRL,1000,1,1000_ep0.0075_0_gilbert_6.in,7,7.5742,1.50372E+18
BBGRL,1000,1,1000_ep0.0075_0_gilbert_6.in,8,7.7045,1.50372E+18
BBGRL,1000,1,1000_ep0.0075_0_gilbert_6.in,9,7.3633,1.50372E+18
BBGRL,1000,1,1000_ep0.0075_0_gilbert_6.in,10,7.604,1.50372E+18
BBGRL,1000,1,1000_ep0.0075_0_gilbert_4.in,1,5.478,1.50372E+18
BBGRL,1000,1,1000_ep0.0075_0_gilbert_4.in,2,5.5646,1.50372E+18
BBGRL,1000,1,1000_ep0.0075_0_gilbert_4.in,3,6.1736,1.50372E+18
BBGRL,1000,1,1000_ep0.0075_0_gilbert_4.in,4,5.7595,1.50372E+18
BBGRL,1000,1,1000_ep0.0075_0_gilbert_4.in,5,6.3686,1.50372E+18
BBGRL,1000,1,1000_ep0.0075_0_gilbert_4.in,6,6.5674,1.50372E+18
BBGRL,1000,1,1000_ep0.0075_0_gilbert_4.in,7,6.3668,1.50372E+18
BBGRL,1000,1,1000_ep0.0075_0_gilbert_4.in,8,6.3378,1.50372E+18
BBGRL,1000,1,1000_ep0.0075_0_gilbert_4.in,9,6.692,1.50372E+18
BBGRL,1000,1,1000_ep0.0075_0_gilbert_4.in,10,6.225,1.50372E+18
BBGRL,1000,996,1000_ep0.0125_0_gilbert_7.in,1,49.5974,1.50372E+18
BBGRL,1000,991,1000_ep0.0125_0_gilbert_7.in,2,167.3343,1.50372E+18
BBGRL,1000,986,1000_ep0.0125_0_gilbert_7.in,3,167.1497,1.50372E+18
BBGRL,1000,981,1000_ep0.0125_0_gilbert_7.in,4,167.4567,1.50372E+18
BBGRL,1000,975,1000_ep0.0125_0_gilbert_7.in,5,167.4731,1.50372E+18
BBGRL,1000,970,1000_ep0.0125_0_gilbert_7.in,6,167.2893,1.50E+18
BBGRL,1000,966,1000_ep0.0125_0_gilbert_7.in,7,167.9464,1.50372E+18
BBGRL,1000,961,1000_ep0.0125_0_gilbert_7.in,8,167.286,1.50372E+18
BBGRL,1000,953,1000_ep0.0125_0_gilbert_7.in,9,167.3789,1.50372E+18
BBGRL,1000,947,1000_ep0.0125_0_gilbert_7.in,10,167.4758,1.50372E+18
BBGRL,1000,992,1000_ep0.0075_0_gilbert_5.in,1,59.9075,1.50372E+18
BBGRL,1000,985,1000_ep0.0075_0_gilbert_5.in,2,167.1529,1.50372E+18
BBGRL,1000,977,1000_ep0.0075_0_gilbert_5.in,3,167.385,1.50372E+18
BBGRL,1000,969,1000_ep0.0075_0_gilbert_5.in,4,167.3284,1.50372E+18
BBGRL,1000,962,1000_ep0.0075_0_gilbert_5.in,5,167.3167,1.50372E+18
BBGRL,1000,950,1000_ep0.0075_0_gilbert_5.in,6,172.3217,1.50372E+18
BBGRL,1000,3,1000_ep0.0075_0_gilbert_5.in,7,57.225,1.50372E+18
BBGRL,1000,2,1000_ep0.0075_0_gilbert_5.in,8,20.3053,1.50372E+18
BBGRL,1000,1,1000_ep0.0075_0_gilbert_5.in,9,9.5436,1.50372E+18
BBGRL,1000,1,1000_ep0.0075_0_gilbert_5.in,10,9.33,1.50372E+18
BBGRL,1000,990,1000_ep0.0075_0_gilbert_8.in,1,56.3187,1.50372E+18
BBGRL,1000,983,1000_ep0.0075_0_gilbert_8.in,2,159.5378,1.50372E+18
BBGRL,1000,974,1000_ep0.0075_0_gilbert_8.in,3,167.1383,1.50E+18
BBGRL,1000,967,1000_ep0.0075_0_gilbert_8.in,4,167.3628,1.50372E+18
BBGRL,1000,958,1000_ep0.0075_0_gilbert_8.in,5,167.2243,1.50372E+18
BBGRL,1000,953,1000_ep0.0075_0_gilbert_8.in,6,167.5031,1.50372E+18
BBGRL,1000,5,1000_ep0.0075_0_gilbert_8.in,7,85.3127,1.50372E+18
BBGRL,1000,2,1000_ep0.0075_0_gilbert_8.in,8,12.3982,1.50372E+18
BBGRL,1000,1,1000_ep0.0075_0_gilbert_8.in,9,9.7628,1.50372E+18
BBGRL,1000,1,1000_ep0.0075_0_gilbert_8.in,10,9.4841,1.50372E+18
BBGRL,1000,992,1000_ep0.0075_0_gilbert_9.in,1,59.9107,1.50372E+18
BBGRL,1000,984,1000_ep0.0075_0_gilbert_9.in,2,74.8074,1.50372E+18
BBGRL,1000,978,1000_ep0.0075_0_gilbert_9.in,3,167.2589,1.50372E+18
BBGRL,1000,971,1000_ep0.0075_0_gilbert_9.in,4,167.0984,1.50372E+18
BBGRL,1000,961,1000_ep0.0075_0_gilbert_9.in,5,167.2742,1.50372E+18
BBGRL,1000,951,1000_ep0.0075_0_gilbert_9.in,6,167.2039,1.50372E+18
BBGRL,1000,945,1000_ep0.0075_0_gilbert_9.in,7,168.1242,1.50372E+18
BBGRL,1000,5,1000_ep0.0075_0_gilbert_9.in,8,74.8668,1.50372E+18
BBGRL,1000,2,1000_ep0.0075_0_gilbert_9.in,9,15.6993,1.50372E+18
BBGRL,1000,1,1000_ep0.0075_0_gilbert_9.in,10,10.4068,1.50E+18
BBGRL,1000,994,1000_ep0.01_0_gilbert_4.in,1,56.255,1.50372E+18
BBGRL,1000,987,1000_ep0.01_0_gilbert_4.in,2,144.6081,1.50372E+18
BBGRL,1000,982,1000_ep0.01_0_gilbert_4.in,3,167.1466,1.50372E+18
BBGRL,1000,977,1000_ep0.01_0_gilbert_4.in,4,167.1581,1.50372E+18
BBGRL,1000,969,1000_ep0.01_0_gilbert_4.in,5,167.3875,1.50372E+18
BBGRL,1000,963,1000_ep0.01_0_gilbert_4.in,6,167.7658,1.50372E+18
BBGRL,1000,959,1000_ep0.01_0_gilbert_4.in,7,167.7027,1.50372E+18
BBGRL,1000,955,1000_ep0.01_0_gilbert_4.in,8,167.2085,1.50372E+18
BBGRL,1000,948,1000_ep0.01_0_gilbert_4.in,9,167.6336,1.50372E+18
BBGRL,1000,933,1000_ep0.01_0_gilbert_4.in,10,168.4453,1.50372E+18
BBGRL,1000,994,1000_ep0.0125_0_gilbert_4.in,1,65.6442,1.50372E+18
BBGRL,1000,989,1000_ep0.0125_0_gilbert_4.in,2,167.2519,1.50372E+18
BBGRL,1000,984,1000_ep0.0125_0_gilbert_4.in,3,167.5827,1.50372E+18
BBGRL,1000,978,1000_ep0.0125_0_gilbert_4.in,4,169.1635,1.50372E+18
BBGRL,1000,973,1000_ep0.0125_0_gilbert_4.in,5,167.34,1.50372E+18
BBGRL,1000,957,1000_ep0.0125_0_gilbert_4.in,6,167.4888,1.50372E+18
BBGRL,1000,1,1000_ep0.0125_0_gilbert_4.in,7,14.5138,1.50372E+18
BBGRL,1000,1,1000_ep0.0125_0_gilbert_4.in,8,15.54,1.50372E+18
BBGRL,1000,1,1000_ep0.0125_0_gilbert_4.in,9,15.0729,1.50372E+18
BBGRL,1000,1,1000_ep0.0125_0_gilbert_4.in,10,15.8382,1.50372E+18
BBGRL,1000,994,1000_ep0.01_0_gilbert_2.in,1,55.6562,1.50372E+18
BBGRL,1000,987,1000_ep0.01_0_gilbert_2.in,2,167.455,1.50372E+18
BBGRL,1000,981,1000_ep0.01_0_gilbert_2.in,3,167.1663,1.50372E+18
BBGRL,1000,974,1000_ep0.01_0_gilbert_2.in,4,167.1745,1.50372E+18
BBGRL,1000,969,1000_ep0.01_0_gilbert_2.in,5,167.4947,1.50372E+18
BBGRL,1000,961,1000_ep0.01_0_gilbert_2.in,6,167.2305,1.50372E+18
BBGRL,1000,955,1000_ep0.01_0_gilbert_2.in,7,167.4718,1.50372E+18
BBGRL,1000,950,1000_ep0.01_0_gilbert_2.in,8,167.4303,1.50372E+18
BBGRL,1000,949,1000_ep0.01_0_gilbert_2.in,9,170.0975,1.50372E+18
BBGRL,1000,935,1000_ep0.01_0_gilbert_2.in,10,170.6773,1.50372E+18
BBGRL,500,496,500_ep0.025_0_gilbert_5.in,1,21.5325,1.50E+18
BBGRL,500,491,500_ep0.025_0_gilbert_5.in,2,84.0992,1.50372E+18
BBGRL,500,487,500_ep0.025_0_gilbert_5.in,3,83.599,1.50372E+18
BBGRL,500,482,500_ep0.025_0_gilbert_5.in,4,83.5904,1.50372E+18
BBGRL,500,478,500_ep0.025_0_gilbert_5.in,5,83.5999,1.50372E+18
BBGRL,500,473,500_ep0.025_0_gilbert_5.in,6,83.8536,1.50372E+18
BBGRL,500,468,500_ep0.025_0_gilbert_5.in,7,83.5979,1.50372E+18
BBGRL,500,464,500_ep0.025_0_gilbert_5.in,8,83.931,1.50372E+18
BBGRL,500,457,500_ep0.025_0_gilbert_5.in,9,83.6553,1.50372E+18
BBGRL,500,453,500_ep0.025_0_gilbert_5.in,10,83.67,1.50372E+18
BBGRL,500,493,500_ep0.015_0_gilbert_4.in,1,20.7255,1.50372E+18
BBGRL,500,487,500_ep0.015_0_gilbert_4.in,2,83.6479,1.50372E+18
BBGRL,500,478,500_ep0.015_0_gilbert_4.in,3,83.7008,1.50372E+18
BBGRL,500,467,500_ep0.015_0_gilbert_4.in,4,83.7826,1.50373E+18
BBGRL,500,1,500_ep0.015_0_gilbert_4.in,5,4.4564,1.50373E+18
BBGRL,500,1,500_ep0.015_0_gilbert_4.in,6,4.8465,1.50373E+18
BBGRL,500,1,500_ep0.015_0_gilbert_4.in,7,5.205,1.50373E+18
BBGRL,500,1,500_ep0.015_0_gilbert_4.in,8,4.7294,1.50373E+18
BBGRL,500,1,500_ep0.015_0_gilbert_4.in,9,4.627,1.50373E+18
BBGRL,500,1,500_ep0.015_0_gilbert_4.in,10,4.8321,1.50373E+18
BBGRL,500,495,500_ep0.025_0_gilbert_10.in,1,24.2303,1.50373E+18
BBGRL,500,490,500_ep0.025_0_gilbert_10.in,2,83.6249,1.50373E+18
BBGRL,500,486,500_ep0.025_0_gilbert_10.in,3,83.6258,1.50373E+18
BBGRL,500,481,500_ep0.025_0_gilbert_10.in,4,83.9217,1.50373E+18
BBGRL,500,476,500_ep0.025_0_gilbert_10.in,5,83.6815,1.50373E+18
BBGRL,500,471,500_ep0.025_0_gilbert_10.in,6,83.6896,1.50373E+18
BBGRL,500,466,500_ep0.025_0_gilbert_10.in,7,83.6127,1.50373E+18
BBGRL,500,460,500_ep0.025_0_gilbert_10.in,8,83.6827,1.50373E+18
BBGRL,500,455,500_ep0.025_0_gilbert_10.in,9,83.6574,1.50373E+18
BBGRL,500,447,500_ep0.025_0_gilbert_10.in,10,83.6724,1.50373E+18
BBGRL,500,495,500_ep0.025_0_gilbert_3.in,1,23.7134,1.50373E+18
BBGRL,500,490,500_ep0.025_0_gilbert_3.in,2,83.7318,1.50373E+18
BBGRL,500,484,500_ep0.025_0_gilbert_3.in,3,83.6731,1.50373E+18
BBGRL,500,479,500_ep0.025_0_gilbert_3.in,4,83.602,1.50373E+18
BBGRL,500,473,500_ep0.025_0_gilbert_3.in,5,83.6486,1.50373E+18
BBGRL,500,467,500_ep0.025_0_gilbert_3.in,6,83.6188,1.50373E+18
BBGRL,500,456,500_ep0.025_0_gilbert_3.in,7,83.7115,1.50373E+18
BBGRL,500,1,500_ep0.025_0_gilbert_3.in,8,8.286,1.50373E+18
BBGRL,500,1,500_ep0.025_0_gilbert_3.in,9,8.3053,1.50373E+18
BBGRL,500,1,500_ep0.025_0_gilbert_3.in,10,9.0379,1.50373E+18
BBGRL,500,494,500_ep0.02_0_gilbert_5.in,1,20.6296,1.50373E+18
BBGRL,500,488,500_ep0.02_0_gilbert_5.in,2,83.6509,1.50373E+18
BBGRL,500,482,500_ep0.02_0_gilbert_5.in,3,83.5872,1.50373E+18
BBGRL,500,476,500_ep0.02_0_gilbert_5.in,4,83.7101,1.50373E+18
BBGRL,500,469,500_ep0.02_0_gilbert_5.in,5,83.7148,1.50373E+18
BBGRL,500,465,500_ep0.02_0_gilbert_5.in,6,83.9329,1.50373E+18
BBGRL,500,455,500_ep0.02_0_gilbert_5.in,7,85.7138,1.50373E+18
BBGRL,500,2,500_ep0.02_0_gilbert_5.in,8,21.0402,1.50373E+18
BBGRL,500,1,500_ep0.02_0_gilbert_5.in,9,7.8208,1.50373E+18
BBGRL,500,1,500_ep0.02_0_gilbert_5.in,10,7.7604,1.50373E+18
BBGRL,500,495,500_ep0.02_0_gilbert_9.in,1,21.6445,1.50373E+18
BBGRL,500,490,500_ep0.02_0_gilbert_9.in,2,83.59,1.50373E+18
BBGRL,500,484,500_ep0.02_0_gilbert_9.in,3,83.6861,1.50373E+18
BBGRL,500,479,500_ep0.02_0_gilbert_9.in,4,83.5706,1.50373E+18
BBGRL,500,473,500_ep0.02_0_gilbert_9.in,5,83.6284,1.50373E+18
BBGRL,500,468,500_ep0.02_0_gilbert_9.in,6,83.6358,1.50373E+18
BBGRL,500,461,500_ep0.02_0_gilbert_9.in,7,83.6171,1.50373E+18
BBGRL,500,455,500_ep0.02_0_gilbert_9.in,8,83.6185,1.50373E+18
BBGRL,500,450,500_ep0.02_0_gilbert_9.in,9,83.6168,1.50373E+18
BBGRL,500,443,500_ep0.02_0_gilbert_9.in,10,83.581,1.50373E+18
BBGRL,500,496,500_ep0.025_0_gilbert_2.in,1,21.4917,1.50373E+18
BBGRL,500,491,500_ep0.025_0_gilbert_2.in,2,83.5913,1.50373E+18
BBGRL,500,486,500_ep0.025_0_gilbert_2.in,3,83.7546,1.50373E+18
BBGRL,500,481,500_ep0.025_0_gilbert_2.in,4,83.7445,1.50E+18
BBGRL,500,475,500_ep0.025_0_gilbert_2.in,5,83.7901,1.50373E+18
BBGRL,500,469,500_ep0.025_0_gilbert_2.in,6,83.6312,1.50373E+18
BBGRL,500,462,500_ep0.025_0_gilbert_2.in,7,83.6979,1.50373E+18
BBGRL,500,2,500_ep0.025_0_gilbert_2.in,8,25.5879,1.50373E+18
BBGRL,500,1,500_ep0.025_0_gilbert_2.in,9,9.4724,1.50373E+18
BBGRL,500,1,500_ep0.025_0_gilbert_2.in,10,9.587,1.50373E+18
BBGRL,500,492,500_ep0.015_0_gilbert_3.in,1,20.5952,1.50373E+18
BBGRL,500,485,500_ep0.015_0_gilbert_3.in,2,83.602,1.50373E+18
BBGRL,500,478,500_ep0.015_0_gilbert_3.in,3,83.5705,1.50373E+18
BBGRL,500,469,500_ep0.015_0_gilbert_3.in,4,83.5998,1.50373E+18
BBGRL,500,2,500_ep0.015_0_gilbert_3.in,5,20.677,1.50373E+18
BBGRL,500,1,500_ep0.015_0_gilbert_3.in,6,5.5614,1.50373E+18
BBGRL,500,1,500_ep0.015_0_gilbert_3.in,7,5.4505,1.50373E+18
BBGRL,500,1,500_ep0.015_0_gilbert_3.in,8,5.34,1.50373E+18
BBGRL,500,1,500_ep0.015_0_gilbert_3.in,9,5.6742,1.50373E+18
BBGRL,500,1,500_ep0.015_0_gilbert_3.in,10,5.3118,1.50373E+18
BBGRL,500,496,500_ep0.025_0_gilbert_8.in,1,21.4085,1.50373E+18
BBGRL,500,491,500_ep0.025_0_gilbert_8.in,2,83.6089,1.50373E+18
BBGRL,500,486,500_ep0.025_0_gilbert_8.in,3,83.5877,1.50373E+18
BBGRL,500,482,500_ep0.025_0_gilbert_8.in,4,83.5303,1.50373E+18
BBGRL,500,477,500_ep0.025_0_gilbert_8.in,5,83.5488,1.50373E+18
BBGRL,500,472,500_ep0.025_0_gilbert_8.in,6,83.5434,1.50373E+18
BBGRL,500,468,500_ep0.025_0_gilbert_8.in,7,83.6662,1.50373E+18
BBGRL,500,463,500_ep0.025_0_gilbert_8.in,8,83.6138,1.50373E+18
BBGRL,500,457,500_ep0.025_0_gilbert_8.in,9,83.7097,1.50373E+18
BBGRL,500,451,500_ep0.025_0_gilbert_8.in,10,83.6988,1.50373E+18
BBGRL,500,492,500_ep0.015_0_gilbert_9.in,1,20.3731,1.50373E+18
BBGRL,500,483,500_ep0.015_0_gilbert_9.in,2,66.9586,1.50373E+18
BBGRL,500,475,500_ep0.015_0_gilbert_9.in,3,83.6506,1.50373E+18
BBGRL,500,468,500_ep0.015_0_gilbert_9.in,4,83.6072,1.50373E+18
BBGRL,500,464,500_ep0.015_0_gilbert_9.in,5,83.6559,1.50373E+18
BBGRL,500,444,500_ep0.015_0_gilbert_9.in,6,83.6397,1.50373E+18
BBGRL,500,2,500_ep0.015_0_gilbert_9.in,7,11.5527,1.50373E+18
BBGRL,500,1,500_ep0.015_0_gilbert_9.in,8,5.2344,1.50373E+18
BBGRL,500,1,500_ep0.015_0_gilbert_9.in,9,5.6018,1.50373E+18
BBGRL,500,1,500_ep0.015_0_gilbert_9.in,10,5.799,1.50373E+18
BBGRL,500,496,500_ep0.025_0_gilbert_1.in,1,21.0199,1.50373E+18
BBGRL,500,490,500_ep0.025_0_gilbert_1.in,2,83.5957,1.50373E+18
BBGRL,500,486,500_ep0.025_0_gilbert_1.in,3,83.5909,1.50373E+18
BBGRL,500,482,500_ep0.025_0_gilbert_1.in,4,83.5971,1.50373E+18
BBGRL,500,476,500_ep0.025_0_gilbert_1.in,5,84.106,1.50373E+18
BBGRL,500,472,500_ep0.025_0_gilbert_1.in,6,83.6553,1.50373E+18
BBGRL,500,468,500_ep0.025_0_gilbert_1.in,7,83.6564,1.50373E+18
BBGRL,500,464,500_ep0.025_0_gilbert_1.in,8,83.6664,1.50373E+18
BBGRL,500,456,500_ep0.025_0_gilbert_1.in,9,83.6897,1.50373E+18
BBGRL,500,451,500_ep0.025_0_gilbert_1.in,10,83.6114,1.50373E+18
BBGRL,500,496,500_ep0.025_0_gilbert_6.in,1,23.9256,1.50373E+18
BBGRL,500,491,500_ep0.025_0_gilbert_6.in,2,83.662,1.50373E+18
BBGRL,500,486,500_ep0.025_0_gilbert_6.in,3,83.6408,1.50373E+18
BBGRL,500,481,500_ep0.025_0_gilbert_6.in,4,83.6405,1.50373E+18
BBGRL,500,476,500_ep0.025_0_gilbert_6.in,5,83.6417,1.50373E+18
BBGRL,500,470,500_ep0.025_0_gilbert_6.in,6,83.6069,1.50373E+18
BBGRL,500,462,500_ep0.025_0_gilbert_6.in,7,83.9597,1.50373E+18
BBGRL,500,449,500_ep0.025_0_gilbert_6.in,8,83.6495,1.50373E+18
BBGRL,500,1,500_ep0.025_0_gilbert_6.in,9,9.5626,1.50373E+18
BBGRL,500,1,500_ep0.025_0_gilbert_6.in,10,9.0301,1.50373E+18
BBGRL,500,494,500_ep0.02_0_gilbert_7.in,1,22.9168,1.50373E+18
BBGRL,500,488,500_ep0.02_0_gilbert_7.in,2,84.4749,1.50373E+18
BBGRL,500,1,500_ep0.02_0_gilbert_7.in,3,4.7784,1.50373E+18
BBGRL,500,1,500_ep0.02_0_gilbert_7.in,4,4.8328,1.50373E+18
BBGRL,500,1,500_ep0.02_0_gilbert_7.in,5,4.5643,1.50373E+18
BBGRL,500,1,500_ep0.02_0_gilbert_7.in,6,4.5893,1.50373E+18
BBGRL,500,1,500_ep0.02_0_gilbert_7.in,7,4.4764,1.50373E+18
BBGRL,500,1,500_ep0.02_0_gilbert_7.in,8,4.9162,1.50373E+18
BBGRL,500,1,500_ep0.02_0_gilbert_7.in,9,4.9234,1.50373E+18
BBGRL,500,1,500_ep0.02_0_gilbert_7.in,10,4.7623,1.50373E+18
BBGRL,500,494,500_ep0.02_0_gilbert_4.in,1,23.0715,1.50373E+18
BBGRL,500,489,500_ep0.02_0_gilbert_4.in,2,83.5823,1.50373E+18
BBGRL,500,483,500_ep0.02_0_gilbert_4.in,3,83.5814,1.50373E+18
BBGRL,500,476,500_ep0.02_0_gilbert_4.in,4,83.7129,1.50373E+18
BBGRL,500,472,500_ep0.02_0_gilbert_4.in,5,83.6579,1.50373E+18
BBGRL,500,466,500_ep0.02_0_gilbert_4.in,6,83.9204,1.50373E+18
BBGRL,500,459,500_ep0.02_0_gilbert_4.in,7,83.6642,1.50373E+18
BBGRL,500,2,500_ep0.02_0_gilbert_4.in,8,24.2431,1.50373E+18
BBGRL,500,1,500_ep0.02_0_gilbert_4.in,9,8.32,1.50373E+18
BBGRL,500,1,500_ep0.02_0_gilbert_4.in,10,7.6318,1.50373E+18
BBGRL,500,492,500_ep0.015_0_gilbert_8.in,1,20.4553,1.50373E+18
BBGRL,500,485,500_ep0.015_0_gilbert_8.in,2,83.5592,1.50373E+18
BBGRL,500,477,500_ep0.015_0_gilbert_8.in,3,83.5403,1.50373E+18
BBGRL,500,469,500_ep0.015_0_gilbert_8.in,4,83.5558,1.50373E+18
BBGRL,500,463,500_ep0.015_0_gilbert_8.in,5,83.6344,1.50373E+18
BBGRL,500,2,500_ep0.015_0_gilbert_8.in,6,15.9848,1.50373E+18
BBGRL,500,1,500_ep0.015_0_gilbert_8.in,7,5.8134,1.50373E+18
BBGRL,500,1,500_ep0.015_0_gilbert_8.in,8,5.6067,1.50373E+18
BBGRL,500,1,500_ep0.015_0_gilbert_8.in,9,5.604,1.50373E+18
BBGRL,500,1,500_ep0.015_0_gilbert_8.in,10,5.5617,1.50373E+18
BBGRL,500,494,500_ep0.02_0_gilbert_3.in,1,22.3149,1.50373E+18
BBGRL,500,489,500_ep0.02_0_gilbert_3.in,2,83.5873,1.50373E+18
BBGRL,500,483,500_ep0.02_0_gilbert_3.in,3,83.6345,1.50373E+18
BBGRL,500,478,500_ep0.02_0_gilbert_3.in,4,83.6887,1.50373E+18
BBGRL,500,471,500_ep0.02_0_gilbert_3.in,5,83.573,1.50373E+18
BBGRL,500,465,500_ep0.02_0_gilbert_3.in,6,83.6206,1.50373E+18
BBGRL,500,459,500_ep0.02_0_gilbert_3.in,7,83.664,1.50373E+18
BBGRL,500,451,500_ep0.02_0_gilbert_3.in,8,83.6065,1.50373E+18
BBGRL,500,439,500_ep0.02_0_gilbert_3.in,9,83.6781,1.50373E+18
BBGRL,500,2,500_ep0.02_0_gilbert_3.in,10,14.56,1.50373E+18
BBGRL,500,496,500_ep0.025_0_gilbert_7.in,1,20.767,1.50373E+18
BBGRL,500,491,500_ep0.025_0_gilbert_7.in,2,83.535,1.50373E+18
BBGRL,500,486,500_ep0.025_0_gilbert_7.in,3,83.551,1.50373E+18
BBGRL,500,482,500_ep0.025_0_gilbert_7.in,4,83.5554,1.50373E+18
BBGRL,500,477,500_ep0.025_0_gilbert_7.in,5,83.6217,1.50373E+18
BBGRL,500,473,500_ep0.025_0_gilbert_7.in,6,83.5984,1.50373E+18
BBGRL,500,468,500_ep0.025_0_gilbert_7.in,7,83.6601,1.50373E+18
BBGRL,500,462,500_ep0.025_0_gilbert_7.in,8,83.6772,1.50373E+18
BBGRL,500,457,500_ep0.025_0_gilbert_7.in,9,83.5498,1.50373E+18
BBGRL,500,450,500_ep0.025_0_gilbert_7.in,10,83.7222,1.50373E+18
BBGRL,500,492,500_ep0.015_0_gilbert_2.in,1,22.7757,1.50373E+18
BBGRL,500,485,500_ep0.015_0_gilbert_2.in,2,83.5504,1.50373E+18
BBGRL,500,476,500_ep0.015_0_gilbert_2.in,3,83.6657,1.50373E+18
BBGRL,500,1,500_ep0.015_0_gilbert_2.in,4,4.5961,1.50373E+18
BBGRL,500,1,500_ep0.015_0_gilbert_2.in,5,4.7893,1.50373E+18
BBGRL,500,1,500_ep0.015_0_gilbert_2.in,6,4.6953,1.50373E+18
BBGRL,500,1,500_ep0.015_0_gilbert_2.in,7,4.4098,1.50373E+18
BBGRL,500,1,500_ep0.015_0_gilbert_2.in,8,4.7305,1.50373E+18
BBGRL,500,1,500_ep0.015_0_gilbert_2.in,9,4.7998,1.50373E+18
BBGRL,500,1,500_ep0.015_0_gilbert_2.in,10,4.9274,1.50373E+18
BBGRL,500,493,500_ep0.015_0_gilbert_10.in,1,25.6939,1.50373E+18
BBGRL,500,486,500_ep0.015_0_gilbert_10.in,2,83.5701,1.50373E+18
BBGRL,500,477,500_ep0.015_0_gilbert_10.in,3,83.726,1.50373E+18
BBGRL,500,2,500_ep0.015_0_gilbert_10.in,4,17.7948,1.50373E+18
BBGRL,500,1,500_ep0.015_0_gilbert_10.in,5,4.7218,1.50373E+18
BBGRL,500,1,500_ep0.015_0_gilbert_10.in,6,4.5811,1.50373E+18
BBGRL,500,1,500_ep0.015_0_gilbert_10.in,7,4.8138,1.50373E+18
BBGRL,500,1,500_ep0.015_0_gilbert_10.in,8,4.5433,1.50373E+18
BBGRL,500,1,500_ep0.015_0_gilbert_10.in,9,4.8728,1.50373E+18
BBGRL,500,1,500_ep0.015_0_gilbert_10.in,10,4.534,1.50373E+18
BBGRL,500,495,500_ep0.02_0_gilbert_6.in,1,22.601,1.50373E+18
BBGRL,500,488,500_ep0.02_0_gilbert_6.in,2,83.5957,1.50373E+18
BBGRL,500,483,500_ep0.02_0_gilbert_6.in,3,83.6783,1.50373E+18
BBGRL,500,477,500_ep0.02_0_gilbert_6.in,4,83.654,1.50373E+18
BBGRL,500,470,500_ep0.02_0_gilbert_6.in,5,84.6935,1.50373E+18
BBGRL,500,465,500_ep0.02_0_gilbert_6.in,6,83.6204,1.50373E+18
BBGRL,500,456,500_ep0.02_0_gilbert_6.in,7,83.5921,1.50373E+18
BBGRL,500,2,500_ep0.02_0_gilbert_6.in,8,18.9104,1.50373E+18
BBGRL,500,1,500_ep0.02_0_gilbert_6.in,9,7.6689,1.50374E+18
BBGRL,500,1,500_ep0.02_0_gilbert_6.in,10,7.4188,1.50E+18
BBGRL,500,496,500_ep0.025_0_gilbert_9.in,1,21.8271,1.50374E+18
BBGRL,500,491,500_ep0.025_0_gilbert_9.in,2,83.5534,1.50374E+18
BBGRL,500,486,500_ep0.025_0_gilbert_9.in,3,83.5919,1.50374E+18
BBGRL,500,482,500_ep0.025_0_gilbert_9.in,4,83.6271,1.50374E+18
BBGRL,500,478,500_ep0.025_0_gilbert_9.in,5,83.5235,1.50374E+18
BBGRL,500,472,500_ep0.025_0_gilbert_9.in,6,83.5848,1.50374E+18
BBGRL,500,468,500_ep0.025_0_gilbert_9.in,7,83.8212,1.50374E+18
BBGRL,500,463,500_ep0.025_0_gilbert_9.in,8,83.5682,1.50374E+18
BBGRL,500,459,500_ep0.025_0_gilbert_9.in,9,83.5939,1.50374E+18
BBGRL,500,455,500_ep0.025_0_gilbert_9.in,10,83.571,1.50374E+18
BBGRL,500,494,500_ep0.02_0_gilbert_1.in,1,21.1194,1.50374E+18
BBGRL,500,488,500_ep0.02_0_gilbert_1.in,2,83.6168,1.50374E+18
BBGRL,500,481,500_ep0.02_0_gilbert_1.in,3,83.6639,1.50374E+18
BBGRL,500,475,500_ep0.02_0_gilbert_1.in,4,84.0564,1.50374E+18
BBGRL,500,466,500_ep0.02_0_gilbert_1.in,5,83.7158,1.50374E+18
BBGRL,500,1,500_ep0.02_0_gilbert_1.in,6,6.0614,1.50374E+18
BBGRL,500,1,500_ep0.02_0_gilbert_1.in,7,6.4275,1.50374E+18
BBGRL,500,1,500_ep0.02_0_gilbert_1.in,8,6.4808,1.50374E+18
BBGRL,500,1,500_ep0.02_0_gilbert_1.in,9,6.7104,1.50374E+18
BBGRL,500,1,500_ep0.02_0_gilbert_1.in,10,6.1786,1.50374E+18
BBGRL,500,493,500_ep0.015_0_gilbert_7.in,1,21.9185,1.50374E+18
BBGRL,500,485,500_ep0.015_0_gilbert_7.in,2,83.6463,1.50374E+18
BBGRL,500,478,500_ep0.015_0_gilbert_7.in,3,83.6049,1.50374E+18
BBGRL,500,471,500_ep0.015_0_gilbert_7.in,4,83.5874,1.50374E+18
BBGRL,500,459,500_ep0.015_0_gilbert_7.in,5,83.7464,1.50374E+18
BBGRL,500,2,500_ep0.015_0_gilbert_7.in,6,17.2234,1.50374E+18
BBGRL,500,1,500_ep0.015_0_gilbert_7.in,7,5.4671,1.50374E+18
BBGRL,500,1,500_ep0.015_0_gilbert_7.in,8,5.8798,1.50374E+18
BBGRL,500,1,500_ep0.015_0_gilbert_7.in,9,5.796,1.50374E+18
BBGRL,500,1,500_ep0.015_0_gilbert_7.in,10,5.3291,1.50374E+18
BBGRL,500,493,500_ep0.015_0_gilbert_6.in,1,20.6,1.50374E+18
BBGRL,500,487,500_ep0.015_0_gilbert_6.in,2,83.5334,1.50374E+18
BBGRL,500,479,500_ep0.015_0_gilbert_6.in,3,83.6978,1.50374E+18
BBGRL,500,472,500_ep0.015_0_gilbert_6.in,4,83.5462,1.50374E+18
BBGRL,500,465,500_ep0.015_0_gilbert_6.in,5,83.547,1.50374E+18
BBGRL,500,459,500_ep0.015_0_gilbert_6.in,6,83.5289,1.50374E+18
BBGRL,500,451,500_ep0.015_0_gilbert_6.in,7,83.5927,1.50374E+18
BBGRL,500,443,500_ep0.015_0_gilbert_6.in,8,83.6234,1.50374E+18
BBGRL,500,426,500_ep0.015_0_gilbert_6.in,9,83.6772,1.50374E+18
BBGRL,500,3,500_ep0.015_0_gilbert_6.in,10,21.0048,1.50374E+18
BBGRL,500,494,500_ep0.02_0_gilbert_8.in,1,22.6344,1.50374E+18
BBGRL,500,488,500_ep0.02_0_gilbert_8.in,2,83.6547,1.50374E+18
BBGRL,500,482,500_ep0.02_0_gilbert_8.in,3,83.6449,1.50374E+18
BBGRL,500,476,500_ep0.02_0_gilbert_8.in,4,83.5728,1.50374E+18
BBGRL,500,472,500_ep0.02_0_gilbert_8.in,5,83.5844,1.50374E+18
BBGRL,500,465,500_ep0.02_0_gilbert_8.in,6,84.2998,1.50374E+18
BBGRL,500,458,500_ep0.02_0_gilbert_8.in,7,83.6234,1.50374E+18
BBGRL,500,451,500_ep0.02_0_gilbert_8.in,8,85.5785,1.50374E+18
BBGRL,500,4,500_ep0.02_0_gilbert_8.in,9,54.15,1.50374E+18
BBGRL,500,2,500_ep0.02_0_gilbert_8.in,10,17.6755,1.50374E+18
BBGRL,500,495,500_ep0.02_0_gilbert_10.in,1,20.0951,1.50374E+18
BBGRL,500,490,500_ep0.02_0_gilbert_10.in,2,64.6705,1.50374E+18
BBGRL,500,485,500_ep0.02_0_gilbert_10.in,3,83.5578,1.50374E+18
BBGRL,500,480,500_ep0.02_0_gilbert_10.in,4,83.5533,1.50374E+18
BBGRL,500,475,500_ep0.02_0_gilbert_10.in,5,83.6895,1.50374E+18
BBGRL,500,469,500_ep0.02_0_gilbert_10.in,6,83.6065,1.50E+18
BBGRL,500,464,500_ep0.02_0_gilbert_10.in,7,83.6191,1.50374E+18
BBGRL,500,458,500_ep0.02_0_gilbert_10.in,8,83.5686,1.50374E+18
BBGRL,500,452,500_ep0.02_0_gilbert_10.in,9,83.8115,1.50374E+18
BBGRL,500,445,500_ep0.02_0_gilbert_10.in,10,83.5643,1.50374E+18
BBGRL,500,492,500_ep0.015_0_gilbert_5.in,1,22.4053,1.50374E+18
BBGRL,500,483,500_ep0.015_0_gilbert_5.in,2,83.6867,1.50374E+18
BBGRL,500,474,500_ep0.015_0_gilbert_5.in,3,83.6028,1.50374E+18
BBGRL,500,3,500_ep0.015_0_gilbert_5.in,4,26.411,1.50E+18
BBGRL,500,1,500_ep0.015_0_gilbert_5.in,5,4.692,1.50374E+18
BBGRL,500,1,500_ep0.015_0_gilbert_5.in,6,4.7189,1.50374E+18
BBGRL,500,1,500_ep0.015_0_gilbert_5.in,7,4.7612,1.50374E+18
BBGRL,500,1,500_ep0.015_0_gilbert_5.in,8,4.848,1.50374E+18
BBGRL,500,1,500_ep0.015_0_gilbert_5.in,9,4.9311,1.50374E+18
BBGRL,500,1,500_ep0.015_0_gilbert_5.in,10,4.8886,1.50374E+18
BBGRL,500,494,500_ep0.02_0_gilbert_2.in,1,23.7024,1.50374E+18
BBGRL,500,489,500_ep0.02_0_gilbert_2.in,2,83.6582,1.50374E+18
BBGRL,500,482,500_ep0.02_0_gilbert_2.in,3,83.5797,1.50374E+18
BBGRL,500,477,500_ep0.02_0_gilbert_2.in,4,83.576,1.50374E+18
BBGRL,500,471,500_ep0.02_0_gilbert_2.in,5,85.4975,1.50374E+18
BBGRL,500,465,500_ep0.02_0_gilbert_2.in,6,83.6326,1.50374E+18
BBGRL,500,456,500_ep0.02_0_gilbert_2.in,7,83.634,1.50374E+18
BBGRL,500,2,500_ep0.02_0_gilbert_2.in,8,22.0121,1.50374E+18
BBGRL,500,1,500_ep0.02_0_gilbert_2.in,9,8.0082,1.50374E+18
BBGRL,500,1,500_ep0.02_0_gilbert_2.in,10,7.8474,1.50374E+18
BBGRL,500,495,500_ep0.025_0_gilbert_4.in,1,27.9211,1.50374E+18
BBGRL,500,490,500_ep0.025_0_gilbert_4.in,2,83.6101,1.50374E+18
BBGRL,500,484,500_ep0.025_0_gilbert_4.in,3,83.5387,1.50374E+18
BBGRL,500,478,500_ep0.025_0_gilbert_4.in,4,83.7897,1.50374E+18
BBGRL,500,473,500_ep0.025_0_gilbert_4.in,5,83.613,1.50374E+18
BBGRL,500,461,500_ep0.025_0_gilbert_4.in,6,84.0369,1.50374E+18
BBGRL,500,1,500_ep0.025_0_gilbert_4.in,7,7.9322,1.50374E+18
BBGRL,500,1,500_ep0.025_0_gilbert_4.in,8,8.1555,1.50374E+18
BBGRL,500,1,500_ep0.025_0_gilbert_4.in,9,7.9437,1.50374E+18
BBGRL,500,1,500_ep0.025_0_gilbert_4.in,10,8.5457,1.50374E+18
BBGRL,500,493,500_ep0.015_0_gilbert_1.in,1,21.2699,1.50374E+18
BBGRL,500,486,500_ep0.015_0_gilbert_1.in,2,83.5325,1.50374E+18
BBGRL,500,479,500_ep0.015_0_gilbert_1.in,3,83.5543,1.50374E+18
BBGRL,500,472,500_ep0.015_0_gilbert_1.in,4,83.5712,1.50374E+18
BBGRL,500,465,500_ep0.015_0_gilbert_1.in,5,83.5389,1.50374E+18
BBGRL,500,455,500_ep0.015_0_gilbert_1.in,6,83.6076,1.50374E+18
BBGRL,500,2,500_ep0.015_0_gilbert_1.in,7,14.3224,1.50374E+18
BBGRL,500,1,500_ep0.015_0_gilbert_1.in,8,6.1852,1.50374E+18
BBGRL,500,1,500_ep0.015_0_gilbert_1.in,9,6.4818,1.50374E+18
BBGRL,500,1,500_ep0.015_0_gilbert_1.in,10,6.3411,1.50374E+18
BBGRL,100,94,100_ep0.075_0_gilbert_10.in,1,13.7822,1.50374E+18
BBGRL,100,88,100_ep0.075_0_gilbert_10.in,2,16.7526,1.50374E+18
BBGRL,100,1,100_ep0.075_0_gilbert_10.in,3,1.1098,1.50374E+18
BBGRL,100,1,100_ep0.075_0_gilbert_10.in,4,0.9982,1.50374E+18
BBGRL,100,1,100_ep0.075_0_gilbert_10.in,5,1.0013,1.50374E+18
BBGRL,100,1,100_ep0.075_0_gilbert_10.in,6,1.002,1.50374E+18
BBGRL,100,1,100_ep0.075_0_gilbert_10.in,7,1.0419,1.50374E+18
BBGRL,100,1,100_ep0.075_0_gilbert_10.in,8,1.0001,1.50374E+18
BBGRL,100,1,100_ep0.075_0_gilbert_10.in,9,1.2552,1.50374E+18
BBGRL,100,1,100_ep0.075_0_gilbert_10.in,10,0.9955,1.50374E+18
BBGRL,100,90,100_ep0.05_0_gilbert_8.in,1,13.3959,1.50374E+18
BBGRL,100,81,100_ep0.05_0_gilbert_8.in,2,16.7492,1.50374E+18
BBGRL,100,4,100_ep0.05_0_gilbert_8.in,3,3.6511,1.50374E+18
BBGRL,100,2,100_ep0.05_0_gilbert_8.in,4,1.6896,1.50374E+18
BBGRL,100,1,100_ep0.05_0_gilbert_8.in,5,0.8097,1.50374E+18
BBGRL,100,1,100_ep0.05_0_gilbert_8.in,6,0.8074,1.50374E+18
BBGRL,100,1,100_ep0.05_0_gilbert_8.in,7,0.8088,1.50374E+18
BBGRL,100,1,100_ep0.05_0_gilbert_8.in,8,0.8123,1.50374E+18
BBGRL,100,1,100_ep0.05_0_gilbert_8.in,9,0.8038,1.50374E+18
BBGRL,100,1,100_ep0.05_0_gilbert_8.in,10,0.8057,1.50374E+18
BBGRL,100,96,100_ep0.1_0_gilbert_6.in,1,3.02,1.50374E+18
BBGRL,100,92,100_ep0.1_0_gilbert_6.in,2,16.7166,1.50374E+18
BBGRL,100,87,100_ep0.1_0_gilbert_6.in,3,16.7182,1.50374E+18
BBGRL,100,82,100_ep0.1_0_gilbert_6.in,4,16.7331,1.50374E+18
BBGRL,100,77,100_ep0.1_0_gilbert_6.in,5,16.7117,1.50374E+18
BBGRL,100,67,100_ep0.1_0_gilbert_6.in,6,16.7363,1.50374E+18
BBGRL,100,2,100_ep0.1_0_gilbert_6.in,7,4.4484,1.50374E+18
BBGRL,100,1,100_ep0.1_0_gilbert_6.in,8,1.8603,1.50374E+18
BBGRL,100,1,100_ep0.1_0_gilbert_6.in,9,1.7958,1.50374E+18
BBGRL,100,1,100_ep0.1_0_gilbert_6.in,10,1.5402,1.50374E+18
BBGRL,100,96,100_ep0.1_0_gilbert_8.in,1,3.3222,1.50374E+18
BBGRL,100,91,100_ep0.1_0_gilbert_8.in,2,13.5014,1.50374E+18
BBGRL,100,87,100_ep0.1_0_gilbert_8.in,3,16.7404,1.50374E+18
BBGRL,100,82,100_ep0.1_0_gilbert_8.in,4,16.7208,1.50374E+18
BBGRL,100,77,100_ep0.1_0_gilbert_8.in,5,16.7372,1.50374E+18
BBGRL,100,72,100_ep0.1_0_gilbert_8.in,6,16.7283,1.50374E+18
BBGRL,100,61,100_ep0.1_0_gilbert_8.in,7,16.7328,1.50374E+18
BBGRL,100,2,100_ep0.1_0_gilbert_8.in,8,4.1999,1.50374E+18
BBGRL,100,1,100_ep0.1_0_gilbert_8.in,9,1.856,1.50374E+18
BBGRL,100,1,100_ep0.1_0_gilbert_8.in,10,1.6084,1.50374E+18
BBGRL,100,95,100_ep0.075_0_gilbert_5.in,1,10.0322,1.50374E+18
BBGRL,100,88,100_ep0.075_0_gilbert_5.in,2,16.7438,1.50374E+18
BBGRL,100,83,100_ep0.075_0_gilbert_5.in,3,16.7165,1.50374E+18
BBGRL,100,74,100_ep0.075_0_gilbert_5.in,4,16.752,1.50374E+18
BBGRL,100,2,100_ep0.075_0_gilbert_5.in,5,3.3392,1.50374E+18
BBGRL,100,1,100_ep0.075_0_gilbert_5.in,6,1.5765,1.50374E+18
BBGRL,100,1,100_ep0.075_0_gilbert_5.in,7,1.1513,1.50E+18
BBGRL,100,1,100_ep0.075_0_gilbert_5.in,8,1.4043,1.50374E+18
BBGRL,100,1,100_ep0.075_0_gilbert_5.in,9,1.401,1.50374E+18
BBGRL,100,1,100_ep0.075_0_gilbert_5.in,10,1.1346,1.50374E+18
BBGRL,100,96,100_ep0.1_0_gilbert_3.in,1,2.8034,1.50374E+18
BBGRL,100,92,100_ep0.1_0_gilbert_3.in,2,16.7447,1.50E+18
BBGRL,100,86,100_ep0.1_0_gilbert_3.in,3,16.7416,1.50374E+18
BBGRL,100,82,100_ep0.1_0_gilbert_3.in,4,16.7164,1.50374E+18
BBGRL,100,76,100_ep0.1_0_gilbert_3.in,5,16.711,1.50374E+18
BBGRL,100,72,100_ep0.1_0_gilbert_3.in,6,16.7359,1.50374E+18
BBGRL,100,64,100_ep0.1_0_gilbert_3.in,7,16.7564,1.50374E+18
BBGRL,100,11,100_ep0.1_0_gilbert_3.in,8,16.7495,1.50374E+18
BBGRL,100,2,100_ep0.1_0_gilbert_3.in,9,4.0998,1.50374E+18
BBGRL,100,1,100_ep0.1_0_gilbert_3.in,10,1.9858,1.50374E+18
BBGRL,100,92,100_ep0.05_0_gilbert_4.in,1,8.5025,1.50374E+18
BBGRL,100,80,100_ep0.05_0_gilbert_4.in,2,16.7105,1.50374E+18
BBGRL,100,2,100_ep0.05_0_gilbert_4.in,3,2.3863,1.50374E+18
BBGRL,100,1,100_ep0.05_0_gilbert_4.in,4,1.3223,1.50374E+18
BBGRL,100,1,100_ep0.05_0_gilbert_4.in,5,0.8795,1.50374E+18
BBGRL,100,1,100_ep0.05_0_gilbert_4.in,6,0.8807,1.50374E+18
BBGRL,100,1,100_ep0.05_0_gilbert_4.in,7,0.8733,1.50374E+18
BBGRL,100,1,100_ep0.05_0_gilbert_4.in,8,0.8799,1.50374E+18
BBGRL,100,1,100_ep0.05_0_gilbert_4.in,9,1.1291,1.50374E+18
BBGRL,100,1,100_ep0.05_0_gilbert_4.in,10,0.8651,1.50374E+18
BBGRL,100,92,100_ep0.05_0_gilbert_5.in,1,3.8947,1.50374E+18
BBGRL,100,85,100_ep0.05_0_gilbert_5.in,2,16.7188,1.50374E+18
BBGRL,100,77,100_ep0.05_0_gilbert_5.in,3,16.7198,1.50374E+18
BBGRL,100,63,100_ep0.05_0_gilbert_5.in,4,16.7097,1.50374E+18
BBGRL,100,12,100_ep0.05_0_gilbert_5.in,5,12.7106,1.50374E+18
BBGRL,100,4,100_ep0.05_0_gilbert_5.in,6,3.6801,1.50374E+18
BBGRL,100,3,100_ep0.05_0_gilbert_5.in,7,2.4537,1.50374E+18
BBGRL,100,2,100_ep0.05_0_gilbert_5.in,8,1.9677,1.50374E+18
BBGRL,100,1,100_ep0.05_0_gilbert_5.in,9,1.4634,1.50374E+18
BBGRL,100,1,100_ep0.05_0_gilbert_5.in,10,1.2076,1.50374E+18
BBGRL,100,91,100_ep0.05_0_gilbert_2.in,1,6.2754,1.50374E+18
BBGRL,100,80,100_ep0.05_0_gilbert_2.in,2,16.7145,1.50374E+18
BBGRL,100,2,100_ep0.05_0_gilbert_2.in,3,2.2939,1.50374E+18
BBGRL,100,1,100_ep0.05_0_gilbert_2.in,4,1.1146,1.50374E+18
BBGRL,100,1,100_ep0.05_0_gilbert_2.in,5,0.8782,1.50374E+18
BBGRL,100,1,100_ep0.05_0_gilbert_2.in,6,1.2965,1.50374E+18
BBGRL,100,1,100_ep0.05_0_gilbert_2.in,7,0.9236,1.50374E+18
BBGRL,100,1,100_ep0.05_0_gilbert_2.in,8,0.8703,1.50374E+18
BBGRL,100,1,100_ep0.05_0_gilbert_2.in,9,1.1162,1.50374E+18
BBGRL,100,1,100_ep0.05_0_gilbert_2.in,10,1.1131,1.50374E+18
BBGRL,100,95,100_ep0.075_0_gilbert_6.in,1,3.6726,1.50374E+18
BBGRL,100,89,100_ep0.075_0_gilbert_6.in,2,16.715,1.50374E+18
BBGRL,100,83,100_ep0.075_0_gilbert_6.in,3,16.7189,1.50374E+18
BBGRL,100,77,100_ep0.075_0_gilbert_6.in,4,16.7226,1.50374E+18
BBGRL,100,65,100_ep0.075_0_gilbert_6.in,5,16.8164,1.50374E+18
BBGRL,100,2,100_ep0.075_0_gilbert_6.in,6,3.6085,1.50374E+18
BBGRL,100,1,100_ep0.075_0_gilbert_6.in,7,1.6327,1.50374E+18
BBGRL,100,1,100_ep0.075_0_gilbert_6.in,8,1.5086,1.50374E+18
BBGRL,100,1,100_ep0.075_0_gilbert_6.in,9,1.5065,1.50374E+18
BBGRL,100,1,100_ep0.075_0_gilbert_6.in,10,1.2633,1.50374E+18
BBGRL,100,96,100_ep0.1_0_gilbert_4.in,1,3.4161,1.50374E+18
BBGRL,100,91,100_ep0.1_0_gilbert_4.in,2,11.5246,1.50374E+18
BBGRL,100,87,100_ep0.1_0_gilbert_4.in,3,16.7302,1.50374E+18
BBGRL,100,82,100_ep0.1_0_gilbert_4.in,4,16.7247,1.50374E+18
BBGRL,100,77,100_ep0.1_0_gilbert_4.in,5,16.7202,1.50374E+18
BBGRL,100,72,100_ep0.1_0_gilbert_4.in,6,16.7212,1.50374E+18
BBGRL,100,66,100_ep0.1_0_gilbert_4.in,7,16.735,1.50374E+18
BBGRL,100,52,100_ep0.1_0_gilbert_4.in,8,16.8359,1.50374E+18
BBGRL,100,2,100_ep0.1_0_gilbert_4.in,9,4.353,1.50374E+18
BBGRL,100,1,100_ep0.1_0_gilbert_4.in,10,2.1554,1.50374E+18
BBGRL,100,94,100_ep0.075_0_gilbert_9.in,1,16.7199,1.50374E+18
BBGRL,100,88,100_ep0.075_0_gilbert_9.in,2,16.7579,1.50374E+18
BBGRL,100,2,100_ep0.075_0_gilbert_9.in,3,2.8776,1.50374E+18
BBGRL,100,1,100_ep0.075_0_gilbert_9.in,4,1.3721,1.50374E+18
BBGRL,100,1,100_ep0.075_0_gilbert_9.in,5,1.093,1.50374E+18
BBGRL,100,1,100_ep0.075_0_gilbert_9.in,6,0.9727,1.50374E+18
BBGRL,100,1,100_ep0.075_0_gilbert_9.in,7,0.9798,1.50374E+18
BBGRL,100,1,100_ep0.075_0_gilbert_9.in,8,0.9642,1.50374E+18
BBGRL,100,1,100_ep0.075_0_gilbert_9.in,9,0.9653,1.50374E+18
BBGRL,100,1,100_ep0.075_0_gilbert_9.in,10,1.0029,1.50374E+18
BBGRL,100,96,100_ep0.1_0_gilbert_10.in,1,14.884,1.50374E+18
BBGRL,100,90,100_ep0.1_0_gilbert_10.in,2,16.7724,1.50374E+18
BBGRL,100,1,100_ep0.1_0_gilbert_10.in,3,1.3868,1.50374E+18
BBGRL,100,1,100_ep0.1_0_gilbert_10.in,4,1.1171,1.50374E+18
BBGRL,100,1,100_ep0.1_0_gilbert_10.in,5,1.1206,1.50374E+18
BBGRL,100,1,100_ep0.1_0_gilbert_10.in,6,1.1408,1.50374E+18
BBGRL,100,1,100_ep0.1_0_gilbert_10.in,7,1.1248,1.50374E+18
BBGRL,100,1,100_ep0.1_0_gilbert_10.in,8,1.1896,1.50374E+18
BBGRL,100,1,100_ep0.1_0_gilbert_10.in,9,1.2101,1.50374E+18
BBGRL,100,1,100_ep0.1_0_gilbert_10.in,10,1.1166,1.50374E+18
BBGRL,100,95,100_ep0.075_0_gilbert_4.in,1,3.8625,1.50374E+18
BBGRL,100,89,100_ep0.075_0_gilbert_4.in,2,16.713,1.50374E+18
BBGRL,100,83,100_ep0.075_0_gilbert_4.in,3,16.7251,1.50374E+18
BBGRL,100,75,100_ep0.075_0_gilbert_4.in,4,16.7496,1.50374E+18
BBGRL,100,65,100_ep0.075_0_gilbert_4.in,5,16.7216,1.50374E+18
BBGRL,100,5,100_ep0.075_0_gilbert_4.in,6,6.1622,1.50374E+18
BBGRL,100,2,100_ep0.075_0_gilbert_4.in,7,2.6084,1.50374E+18
BBGRL,100,1,100_ep0.075_0_gilbert_4.in,8,1.5257,1.50374E+18
BBGRL,100,1,100_ep0.075_0_gilbert_4.in,9,1.2746,1.50374E+18
BBGRL,100,1,100_ep0.075_0_gilbert_4.in,10,1.2703,1.50374E+18
BBGRL,100,89,100_ep0.05_0_gilbert_10.in,1,3.9426,1.50374E+18
BBGRL,100,80,100_ep0.05_0_gilbert_10.in,2,16.7252,1.50374E+18
BBGRL,100,67,100_ep0.05_0_gilbert_10.in,3,16.7161,1.50374E+18
BBGRL,100,7,100_ep0.05_0_gilbert_10.in,4,10.5754,1.50374E+18
BBGRL,100,3,100_ep0.05_0_gilbert_10.in,5,3.1402,1.50374E+18
BBGRL,100,2,100_ep0.05_0_gilbert_10.in,6,1.9607,1.50374E+18
BBGRL,100,1,100_ep0.05_0_gilbert_10.in,7,1.353,1.50374E+18
BBGRL,100,1,100_ep0.05_0_gilbert_10.in,8,0.9773,1.50374E+18
BBGRL,100,1,100_ep0.05_0_gilbert_10.in,9,0.9809,1.50374E+18
BBGRL,100,1,100_ep0.05_0_gilbert_10.in,10,0.9786,1.50374E+18
BBGRL,100,90,100_ep0.05_0_gilbert_7.in,1,16.7214,1.50374E+18
BBGRL,100,4,100_ep0.05_0_gilbert_7.in,2,2.3445,1.50374E+18
BBGRL,100,1,100_ep0.05_0_gilbert_7.in,3,0.7381,1.50374E+18
BBGRL,100,1,100_ep0.05_0_gilbert_7.in,4,0.8207,1.50374E+18
BBGRL,100,1,100_ep0.05_0_gilbert_7.in,5,0.7382,1.50374E+18
BBGRL,100,1,100_ep0.05_0_gilbert_7.in,6,0.779,1.50374E+18
BBGRL,100,1,100_ep0.05_0_gilbert_7.in,7,0.729,1.50374E+18
BBGRL,100,1,100_ep0.05_0_gilbert_7.in,8,0.7395,1.50374E+18
BBGRL,100,1,100_ep0.05_0_gilbert_7.in,9,0.7602,1.50374E+18
BBGRL,100,1,100_ep0.05_0_gilbert_7.in,10,0.7293,1.50374E+18
BBGRL,100,92,100_ep0.05_0_gilbert_6.in,1,5.0211,1.50374E+18
BBGRL,100,83,100_ep0.05_0_gilbert_6.in,2,16.7108,1.50374E+18
BBGRL,100,69,100_ep0.05_0_gilbert_6.in,3,16.7259,1.50374E+18
BBGRL,100,4,100_ep0.05_0_gilbert_6.in,4,4.6259,1.50374E+18
BBGRL,100,2,100_ep0.05_0_gilbert_6.in,5,2.1887,1.50374E+18
BBGRL,100,1,100_ep0.05_0_gilbert_6.in,6,1.4848,1.50374E+18
BBGRL,100,1,100_ep0.05_0_gilbert_6.in,7,1.0761,1.50374E+18
BBGRL,100,1,100_ep0.05_0_gilbert_6.in,8,1.3274,1.50374E+18
BBGRL,100,1,100_ep0.05_0_gilbert_6.in,9,1.1593,1.50374E+18
BBGRL,100,1,100_ep0.05_0_gilbert_6.in,10,1.0665,1.50374E+18
BBGRL,100,96,100_ep0.1_0_gilbert_9.in,1,3.2642,1.50374E+18
BBGRL,100,91,100_ep0.1_0_gilbert_9.in,2,7.4331,1.50374E+18
BBGRL,100,87,100_ep0.1_0_gilbert_9.in,3,16.7234,1.50374E+18
BBGRL,100,82,100_ep0.1_0_gilbert_9.in,4,16.7316,1.50374E+18
BBGRL,100,78,100_ep0.1_0_gilbert_9.in,5,16.7336,1.50374E+18
BBGRL,100,73,100_ep0.1_0_gilbert_9.in,6,16.7308,1.50374E+18
BBGRL,100,68,100_ep0.1_0_gilbert_9.in,7,16.736,1.50374E+18
BBGRL,100,58,100_ep0.1_0_gilbert_9.in,8,16.766,1.50374E+18
BBGRL,100,31,100_ep0.1_0_gilbert_9.in,9,16.7763,1.50374E+18
BBGRL,100,3,100_ep0.1_0_gilbert_9.in,10,5.1377,1.50374E+18
BBGRL,100,97,100_ep0.1_0_gilbert_1.in,1,3.7788,1.50374E+18
BBGRL,100,93,100_ep0.1_0_gilbert_1.in,2,6.4757,1.50374E+18
BBGRL,100,89,100_ep0.1_0_gilbert_1.in,3,16.7344,1.50374E+18
BBGRL,100,84,100_ep0.1_0_gilbert_1.in,4,16.7267,1.50374E+18
BBGRL,100,80,100_ep0.1_0_gilbert_1.in,5,16.7215,1.50374E+18
BBGRL,100,75,100_ep0.1_0_gilbert_1.in,6,16.7149,1.50374E+18
BBGRL,100,68,100_ep0.1_0_gilbert_1.in,7,16.7262,1.50374E+18
BBGRL,100,62,100_ep0.1_0_gilbert_1.in,8,16.7259,1.50374E+18
BBGRL,100,57,100_ep0.1_0_gilbert_1.in,9,16.7351,1.50374E+18
BBGRL,100,44,100_ep0.1_0_gilbert_1.in,10,16.8048,1.50374E+18
BBGRL,100,96,100_ep0.1_0_gilbert_2.in,1,3.0758,1.50374E+18
BBGRL,100,91,100_ep0.1_0_gilbert_2.in,2,9.9117,1.50374E+18
BBGRL,100,86,100_ep0.1_0_gilbert_2.in,3,16.7186,1.50374E+18
BBGRL,100,81,100_ep0.1_0_gilbert_2.in,4,16.7364,1.50374E+18
BBGRL,100,76,100_ep0.1_0_gilbert_2.in,5,16.7257,1.50374E+18
BBGRL,100,69,100_ep0.1_0_gilbert_2.in,6,16.7428,1.50374E+18
BBGRL,100,47,100_ep0.1_0_gilbert_2.in,7,16.7482,1.50374E+18
BBGRL,100,2,100_ep0.1_0_gilbert_2.in,8,3.7598,1.50374E+18
BBGRL,100,1,100_ep0.1_0_gilbert_2.in,9,1.8223,1.50374E+18
BBGRL,100,1,100_ep0.1_0_gilbert_2.in,10,1.5756,1.50374E+18
BBGRL,100,94,100_ep0.075_0_gilbert_8.in,1,4.5371,1.50374E+18
BBGRL,100,89,100_ep0.075_0_gilbert_8.in,2,16.7467,1.50374E+18
BBGRL,100,83,100_ep0.075_0_gilbert_8.in,3,16.718,1.50374E+18
BBGRL,100,76,100_ep0.075_0_gilbert_8.in,4,16.7239,1.50374E+18
BBGRL,100,62,100_ep0.075_0_gilbert_8.in,5,16.7421,1.50374E+18
BBGRL,100,2,100_ep0.075_0_gilbert_8.in,6,3.0436,1.50374E+18
BBGRL,100,1,100_ep0.075_0_gilbert_8.in,7,1.5053,1.50374E+18
BBGRL,100,1,100_ep0.075_0_gilbert_8.in,8,1.2474,1.50374E+18
BBGRL,100,1,100_ep0.075_0_gilbert_8.in,9,1.4902,1.50374E+18
BBGRL,100,1,100_ep0.075_0_gilbert_8.in,10,1.2455,1.50374E+18
BBGRL,100,94,100_ep0.075_0_gilbert_1.in,1,3.5311,1.50374E+18
BBGRL,100,89,100_ep0.075_0_gilbert_1.in,2,14.1584,1.50374E+18
BBGRL,100,84,100_ep0.075_0_gilbert_1.in,3,16.7112,1.50374E+18
BBGRL,100,77,100_ep0.075_0_gilbert_1.in,4,16.7193,1.50374E+18
BBGRL,100,69,100_ep0.075_0_gilbert_1.in,5,16.7276,1.50374E+18
BBGRL,100,60,100_ep0.075_0_gilbert_1.in,6,16.7237,1.50374E+18
BBGRL,100,6,100_ep0.075_0_gilbert_1.in,7,7.34,1.50374E+18
BBGRL,100,3,100_ep0.075_0_gilbert_1.in,8,4.2757,1.50374E+18
BBGRL,100,2,100_ep0.075_0_gilbert_1.in,9,2.6508,1.50374E+18
BBGRL,100,1,100_ep0.075_0_gilbert_1.in,10,1.7257,1.50374E+18
BBGRL,100,90,100_ep0.05_0_gilbert_9.in,1,8.8134,1.50374E+18
BBGRL,100,80,100_ep0.05_0_gilbert_9.in,2,16.7138,1.50374E+18
BBGRL,100,68,100_ep0.05_0_gilbert_9.in,3,16.7106,1.50374E+18
BBGRL,100,6,100_ep0.05_0_gilbert_9.in,4,5.9819,1.50374E+18
BBGRL,100,2,100_ep0.05_0_gilbert_9.in,5,2.2602,1.50374E+18
BBGRL,100,1,100_ep0.05_0_gilbert_9.in,6,1.4147,1.50374E+18
BBGRL,100,1,100_ep0.05_0_gilbert_9.in,7,1.046,1.50374E+18
BBGRL,100,1,100_ep0.05_0_gilbert_9.in,8,1.0474,1.50374E+18
BBGRL,100,1,100_ep0.05_0_gilbert_9.in,9,1.057,1.50374E+18
BBGRL,100,1,100_ep0.05_0_gilbert_9.in,10,1.3013,1.50374E+18
BBGRL,100,96,100_ep0.1_0_gilbert_7.in,1,3.7427,1.50374E+18
BBGRL,100,91,100_ep0.1_0_gilbert_7.in,2,16.7296,1.50374E+18
BBGRL,100,87,100_ep0.1_0_gilbert_7.in,3,16.7136,1.50374E+18
BBGRL,100,81,100_ep0.1_0_gilbert_7.in,4,16.746,1.50374E+18
BBGRL,100,75,100_ep0.1_0_gilbert_7.in,5,16.7707,1.50374E+18
BBGRL,100,3,100_ep0.1_0_gilbert_7.in,6,12.3798,1.50374E+18
BBGRL,100,1,100_ep0.1_0_gilbert_7.in,7,1.7433,1.50374E+18
BBGRL,100,1,100_ep0.1_0_gilbert_7.in,8,1.4676,1.50374E+18
BBGRL,100,1,100_ep0.1_0_gilbert_7.in,9,1.881,1.50374E+18
BBGRL,100,1,100_ep0.1_0_gilbert_7.in,10,1.4184,1.50374E+18
BBGRL,100,95,100_ep0.075_0_gilbert_7.in,1,5.3996,1.50374E+18
BBGRL,100,88,100_ep0.075_0_gilbert_7.in,2,16.7172,1.50374E+18
BBGRL,100,2,100_ep0.075_0_gilbert_7.in,3,2.6654,1.50374E+18
BBGRL,100,1,100_ep0.075_0_gilbert_7.in,4,1.2797,1.50374E+18
BBGRL,100,1,100_ep0.075_0_gilbert_7.in,5,1.0876,1.50374E+18
BBGRL,100,1,100_ep0.075_0_gilbert_7.in,6,0.9952,1.50374E+18
BBGRL,100,1,100_ep0.075_0_gilbert_7.in,7,0.9935,1.50374E+18
BBGRL,100,1,100_ep0.075_0_gilbert_7.in,8,1.0371,1.50E+18
BBGRL,100,1,100_ep0.075_0_gilbert_7.in,9,1.0016,1.50374E+18
BBGRL,100,1,100_ep0.075_0_gilbert_7.in,10,1.2436,1.50374E+18
BBGRL,100,96,100_ep0.1_0_gilbert_5.in,1,3.5972,1.50374E+18
BBGRL,100,92,100_ep0.1_0_gilbert_5.in,2,10.4464,1.50374E+18
BBGRL,100,87,100_ep0.1_0_gilbert_5.in,3,16.7905,1.50374E+18
BBGRL,100,82,100_ep0.1_0_gilbert_5.in,4,16.714,1.50374E+18
BBGRL,100,78,100_ep0.1_0_gilbert_5.in,5,16.7248,1.50374E+18
BBGRL,100,72,100_ep0.1_0_gilbert_5.in,6,16.7427,1.50374E+18
BBGRL,100,66,100_ep0.1_0_gilbert_5.in,7,16.7376,1.50374E+18
BBGRL,100,60,100_ep0.1_0_gilbert_5.in,8,16.7315,1.50374E+18
BBGRL,100,28,100_ep0.1_0_gilbert_5.in,9,16.7298,1.50374E+18
BBGRL,100,3,100_ep0.1_0_gilbert_5.in,10,5.3126,1.50374E+18
BBGRL,100,90,100_ep0.05_0_gilbert_1.in,1,12.5135,1.50374E+18
BBGRL,100,75,100_ep0.05_0_gilbert_1.in,2,16.7593,1.50374E+18
BBGRL,100,1,100_ep0.05_0_gilbert_1.in,3,0.8008,1.50374E+18
BBGRL,100,1,100_ep0.05_0_gilbert_1.in,4,0.7958,1.50E+18
BBGRL,100,1,100_ep0.05_0_gilbert_1.in,5,0.8209,1.50374E+18
BBGRL,100,1,100_ep0.05_0_gilbert_1.in,6,1.0456,1.50374E+18
BBGRL,100,1,100_ep0.05_0_gilbert_1.in,7,0.7955,1.50374E+18
BBGRL,100,1,100_ep0.05_0_gilbert_1.in,8,0.7921,1.50374E+18
BBGRL,100,1,100_ep0.05_0_gilbert_1.in,9,0.7824,1.50374E+18
BBGRL,100,1,100_ep0.05_0_gilbert_1.in,10,0.7914,1.50374E+18
BBGRL,100,95,100_ep0.075_0_gilbert_3.in,1,3.0595,1.50374E+18
BBGRL,100,89,100_ep0.075_0_gilbert_3.in,2,11.36,1.50374E+18
BBGRL,100,83,100_ep0.075_0_gilbert_3.in,3,16.7425,1.50374E+18
BBGRL,100,76,100_ep0.075_0_gilbert_3.in,4,16.6827,1.50E+18
BBGRL,100,66,100_ep0.075_0_gilbert_3.in,5,16.7109,1.50374E+18
BBGRL,100,54,100_ep0.075_0_gilbert_3.in,6,16.9039,1.50374E+18
BBGRL,100,4,100_ep0.075_0_gilbert_3.in,7,4.0411,1.50374E+18
BBGRL,100,3,100_ep0.075_0_gilbert_3.in,8,3.9147,1.50374E+18
BBGRL,100,2,100_ep0.075_0_gilbert_3.in,9,2.5444,1.50374E+18
BBGRL,100,1,100_ep0.075_0_gilbert_3.in,10,1.3839,1.50374E+18
BBGRL,100,93,100_ep0.05_0_gilbert_3.in,1,4.9271,1.50374E+18
BBGRL,100,85,100_ep0.05_0_gilbert_3.in,2,16.7132,1.50374E+18
BBGRL,100,74,100_ep0.05_0_gilbert_3.in,3,16.742,1.50374E+18
BBGRL,100,58,100_ep0.05_0_gilbert_3.in,4,16.7997,1.50374E+18
BBGRL,100,3,100_ep0.05_0_gilbert_3.in,5,3.2114,1.50374E+18
BBGRL,100,2,100_ep0.05_0_gilbert_3.in,6,1.6235,1.50374E+18
BBGRL,100,1,100_ep0.05_0_gilbert_3.in,7,1.3184,1.50374E+18
BBGRL,100,1,100_ep0.05_0_gilbert_3.in,8,1.1724,1.50374E+18
BBGRL,100,1,100_ep0.05_0_gilbert_3.in,9,1.0476,1.50374E+18
BBGRL,100,1,100_ep0.05_0_gilbert_3.in,10,1.0616,1.50374E+18
BBGRL,100,95,100_ep0.075_0_gilbert_2.in,1,6.9895,1.50374E+18
BBGRL,100,88,100_ep0.075_0_gilbert_2.in,2,16.7301,1.50374E+18
BBGRL,100,80,100_ep0.075_0_gilbert_2.in,3,16.7475,1.50374E+18
BBGRL,100,2,100_ep0.075_0_gilbert_2.in,4,3.4246,1.50374E+18
BBGRL,100,1,100_ep0.075_0_gilbert_2.in,5,1.1241,1.50374E+18
BBGRL,100,1,100_ep0.075_0_gilbert_2.in,6,1.1136,1.50374E+18
BBGRL,100,1,100_ep0.075_0_gilbert_2.in,7,1.2055,1.50374E+18
BBGRL,100,1,100_ep0.075_0_gilbert_2.in,8,1.1051,1.50374E+18
BBGRL,100,1,100_ep0.075_0_gilbert_2.in,9,1.1114,1.50374E+18
BBGRL,100,1,100_ep0.075_0_gilbert_2.in,10,1.1009,1.50374E+18
BBGRL,50,47,50_ep0.2_0_gilbert_2.in,1,1.2259,1.50374E+18
BBGRL,50,43,50_ep0.2_0_gilbert_2.in,2,1.8846,1.50374E+18
BBGRL,50,40,50_ep0.2_0_gilbert_2.in,3,2.6277,1.50374E+18
BBGRL,50,36,50_ep0.2_0_gilbert_2.in,4,3.7051,1.50374E+18
BBGRL,50,32,50_ep0.2_0_gilbert_2.in,5,3.7475,1.50374E+18
BBGRL,50,28,50_ep0.2_0_gilbert_2.in,6,5.1113,1.50374E+18
BBGRL,50,25,50_ep0.2_0_gilbert_2.in,7,5.087,1.50374E+18
BBGRL,50,20,50_ep0.2_0_gilbert_2.in,8,5.6233,1.50374E+18
BBGRL,50,15,50_ep0.2_0_gilbert_2.in,9,5.3185,1.50374E+18
BBGRL,50,10,50_ep0.2_0_gilbert_2.in,10,5.3106,1.50374E+18
BBGRL,50,47,50_ep0.2_0_gilbert_4.in,1,1.5128,1.50374E+18
BBGRL,50,44,50_ep0.2_0_gilbert_4.in,2,1.8806,1.50374E+18
BBGRL,50,40,50_ep0.2_0_gilbert_4.in,3,3.3356,1.50374E+18
BBGRL,50,36,50_ep0.2_0_gilbert_4.in,4,5.4849,1.50374E+18
BBGRL,50,32,50_ep0.2_0_gilbert_4.in,5,7.8141,1.50374E+18
BBGRL,50,28,50_ep0.2_0_gilbert_4.in,6,7.5622,1.50374E+18
BBGRL,50,22,50_ep0.2_0_gilbert_4.in,7,7.9939,1.50374E+18
BBGRL,50,16,50_ep0.2_0_gilbert_4.in,8,7.5051,1.50374E+18
BBGRL,50,6,50_ep0.2_0_gilbert_4.in,9,4.0692,1.50374E+18
BBGRL,50,3,50_ep0.2_0_gilbert_4.in,10,2.698,1.50374E+18
BBGRL,50,43,50_ep0.1_0_gilbert_10.in,1,2.7021,1.50374E+18
BBGRL,50,35,50_ep0.1_0_gilbert_10.in,2,6.9949,1.50374E+18
BBGRL,50,2,50_ep0.1_0_gilbert_10.in,3,1.5032,1.50374E+18
BBGRL,50,1,50_ep0.1_0_gilbert_10.in,4,0.5304,1.50374E+18
BBGRL,50,1,50_ep0.1_0_gilbert_10.in,5,0.5816,1.50374E+18
BBGRL,50,1,50_ep0.1_0_gilbert_10.in,6,0.8069,1.50374E+18
BBGRL,50,1,50_ep0.1_0_gilbert_10.in,7,0.5313,1.50374E+18
BBGRL,50,1,50_ep0.1_0_gilbert_10.in,8,0.5276,1.50374E+18
BBGRL,50,1,50_ep0.1_0_gilbert_10.in,9,0.5263,1.50374E+18
BBGRL,50,1,50_ep0.1_0_gilbert_10.in,10,0.5264,1.50374E+18
BBGRL,50,45,50_ep0.1_0_gilbert_7.in,1,1.846,1.50374E+18
BBGRL,50,39,50_ep0.1_0_gilbert_7.in,2,8.3531,1.50374E+18
BBGRL,50,21,50_ep0.1_0_gilbert_7.in,3,8.3712,1.50374E+18
BBGRL,50,3,50_ep0.1_0_gilbert_7.in,4,1.8592,1.50374E+18
BBGRL,50,2,50_ep0.1_0_gilbert_7.in,5,1.4836,1.50374E+18
BBGRL,50,1,50_ep0.1_0_gilbert_7.in,6,0.828,1.50374E+18
BBGRL,50,1,50_ep0.1_0_gilbert_7.in,7,0.5914,1.50374E+18
BBGRL,50,1,50_ep0.1_0_gilbert_7.in,8,0.5909,1.50374E+18
BBGRL,50,1,50_ep0.1_0_gilbert_7.in,9,0.579,1.50374E+18
BBGRL,50,1,50_ep0.1_0_gilbert_7.in,10,0.5783,1.50374E+18
BBGRL,50,46,50_ep0.2_0_gilbert_3.in,1,1.737,1.50374E+18
BBGRL,50,41,50_ep0.2_0_gilbert_3.in,2,6.0796,1.50E+18
BBGRL,50,36,50_ep0.2_0_gilbert_3.in,3,8.3759,1.50374E+18
BBGRL,50,17,50_ep0.2_0_gilbert_3.in,4,8.3706,1.50374E+18
BBGRL,50,1,50_ep0.2_0_gilbert_3.in,5,0.7417,1.50374E+18
BBGRL,50,1,50_ep0.2_0_gilbert_3.in,6,0.9054,1.50374E+18
BBGRL,50,1,50_ep0.2_0_gilbert_3.in,7,0.9021,1.50374E+18
BBGRL,50,1,50_ep0.2_0_gilbert_3.in,8,0.6492,1.50374E+18
BBGRL,50,1,50_ep0.2_0_gilbert_3.in,9,0.8801,1.50374E+18
BBGRL,50,1,50_ep0.2_0_gilbert_3.in,10,0.6277,1.50374E+18
BBGRL,50,45,50_ep0.15_0_gilbert_7.in,1,1.211,1.50374E+18
BBGRL,50,41,50_ep0.15_0_gilbert_7.in,2,2.5522,1.50374E+18
BBGRL,50,37,50_ep0.15_0_gilbert_7.in,3,3.5795,1.50374E+18
BBGRL,50,32,50_ep0.15_0_gilbert_7.in,4,4.8222,1.50374E+18
BBGRL,50,27,50_ep0.15_0_gilbert_7.in,5,4.8408,1.50374E+18
BBGRL,50,22,50_ep0.15_0_gilbert_7.in,6,8.3192,1.50374E+18
BBGRL,50,15,50_ep0.15_0_gilbert_7.in,7,6.8214,1.50374E+18
BBGRL,50,7,50_ep0.15_0_gilbert_7.in,8,3.4956,1.50374E+18
BBGRL,50,4,50_ep0.15_0_gilbert_7.in,9,2.5792,1.50374E+18
BBGRL,50,3,50_ep0.15_0_gilbert_7.in,10,2.0325,1.50374E+18
BBGRL,50,46,50_ep0.15_0_gilbert_6.in,1,1.8781,1.50374E+18
BBGRL,50,40,50_ep0.15_0_gilbert_6.in,2,6.1211,1.50374E+18
BBGRL,50,31,50_ep0.15_0_gilbert_6.in,3,8.3581,1.50374E+18
BBGRL,50,3,50_ep0.15_0_gilbert_6.in,4,1.9526,1.50374E+18
BBGRL,50,2,50_ep0.15_0_gilbert_6.in,5,1.7993,1.50374E+18
BBGRL,50,1,50_ep0.15_0_gilbert_6.in,6,0.6422,1.50374E+18
BBGRL,50,1,50_ep0.15_0_gilbert_6.in,7,0.6823,1.50374E+18
BBGRL,50,1,50_ep0.15_0_gilbert_6.in,8,0.7032,1.50374E+18
BBGRL,50,1,50_ep0.15_0_gilbert_6.in,9,0.6891,1.50374E+18
BBGRL,50,1,50_ep0.15_0_gilbert_6.in,10,0.6351,1.50374E+18
BBGRL,50,42,50_ep0.1_0_gilbert_1.in,1,3.8115,1.50374E+18
BBGRL,50,7,50_ep0.1_0_gilbert_1.in,2,2.079,1.50374E+18
BBGRL,50,3,50_ep0.1_0_gilbert_1.in,3,1.4611,1.50374E+18
BBGRL,50,2,50_ep0.1_0_gilbert_1.in,4,0.9745,1.50374E+18
BBGRL,50,1,50_ep0.1_0_gilbert_1.in,5,0.523,1.50374E+18
BBGRL,50,1,50_ep0.1_0_gilbert_1.in,6,0.5492,1.50374E+18
BBGRL,50,1,50_ep0.1_0_gilbert_1.in,7,0.5414,1.50374E+18
BBGRL,50,1,50_ep0.1_0_gilbert_1.in,8,0.52,1.50374E+18
BBGRL,50,1,50_ep0.1_0_gilbert_1.in,9,0.5222,1.50374E+18
BBGRL,50,1,50_ep0.1_0_gilbert_1.in,10,0.5228,1.50374E+18
BBGRL,50,41,50_ep0.1_0_gilbert_3.in,1,7.5544,1.50374E+18
BBGRL,50,4,50_ep0.1_0_gilbert_3.in,2,1.7768,1.50374E+18
BBGRL,50,1,50_ep0.1_0_gilbert_3.in,3,0.6972,1.50E+18
BBGRL,50,1,50_ep0.1_0_gilbert_3.in,4,0.7961,1.50374E+18
BBGRL,50,1,50_ep0.1_0_gilbert_3.in,5,0.7404,1.50374E+18
BBGRL,50,1,50_ep0.1_0_gilbert_3.in,6,0.4316,1.50374E+18
BBGRL,50,1,50_ep0.1_0_gilbert_3.in,7,0.4294,1.50374E+18
BBGRL,50,1,50_ep0.1_0_gilbert_3.in,8,0.4367,1.50374E+18
BBGRL,50,1,50_ep0.1_0_gilbert_3.in,9,0.4292,1.50374E+18
BBGRL,50,1,50_ep0.1_0_gilbert_3.in,10,0.4413,1.50374E+18
BBGRL,50,40,50_ep0.1_0_gilbert_6.in,1,8.3573,1.50374E+18
BBGRL,50,1,50_ep0.1_0_gilbert_6.in,2,0.5099,1.50374E+18
BBGRL,50,1,50_ep0.1_0_gilbert_6.in,3,0.8195,1.50374E+18
BBGRL,50,1,50_ep0.1_0_gilbert_6.in,4,0.7654,1.50374E+18
BBGRL,50,1,50_ep0.1_0_gilbert_6.in,5,0.7572,1.50374E+18
BBGRL,50,1,50_ep0.1_0_gilbert_6.in,6,0.5965,1.50374E+18
BBGRL,50,1,50_ep0.1_0_gilbert_6.in,7,0.5024,1.50374E+18
BBGRL,50,1,50_ep0.1_0_gilbert_6.in,8,0.4872,1.50374E+18
BBGRL,50,1,50_ep0.1_0_gilbert_6.in,9,0.4766,1.50374E+18
BBGRL,50,1,50_ep0.1_0_gilbert_6.in,10,0.5937,1.50374E+18
BBGRL,50,47,50_ep0.2_0_gilbert_6.in,1,1.5219,1.50374E+18
BBGRL,50,43,50_ep0.2_0_gilbert_6.in,2,1.9042,1.50374E+18
BBGRL,50,39,50_ep0.2_0_gilbert_6.in,3,3.9172,1.50374E+18
BBGRL,50,35,50_ep0.2_0_gilbert_6.in,4,4.8181,1.50374E+18
BBGRL,50,30,50_ep0.2_0_gilbert_6.in,5,4.5198,1.50374E+18
BBGRL,50,25,50_ep0.2_0_gilbert_6.in,6,6.631,1.50374E+18
BBGRL,50,16,50_ep0.2_0_gilbert_6.in,7,6.1504,1.50374E+18
BBGRL,50,7,50_ep0.2_0_gilbert_6.in,8,4.0604,1.50374E+18
BBGRL,50,3,50_ep0.2_0_gilbert_6.in,9,2.7789,1.50374E+18
BBGRL,50,2,50_ep0.2_0_gilbert_6.in,10,1.9039,1.50374E+18
BBGRL,50,47,50_ep0.2_0_gilbert_1.in,1,1.2347,1.50374E+18
BBGRL,50,43,50_ep0.2_0_gilbert_1.in,2,2.336,1.50374E+18
BBGRL,50,39,50_ep0.2_0_gilbert_1.in,3,5.3834,1.50374E+18
BBGRL,50,34,50_ep0.2_0_gilbert_1.in,4,5.7842,1.50374E+18
BBGRL,50,26,50_ep0.2_0_gilbert_1.in,5,8.3609,1.50374E+18
BBGRL,50,6,50_ep0.2_0_gilbert_1.in,6,5.8916,1.50374E+18
BBGRL,50,2,50_ep0.2_0_gilbert_1.in,7,2.3995,1.50374E+18
BBGRL,50,1,50_ep0.2_0_gilbert_1.in,8,1.2554,1.50374E+18
BBGRL,50,1,50_ep0.2_0_gilbert_1.in,9,0.8168,1.50374E+18
BBGRL,50,1,50_ep0.2_0_gilbert_1.in,10,0.8239,1.50374E+18
BBGRL,50,47,50_ep0.2_0_gilbert_9.in,1,1.1545,1.50374E+18
BBGRL,50,43,50_ep0.2_0_gilbert_9.in,2,1.687,1.50374E+18
BBGRL,50,40,50_ep0.2_0_gilbert_9.in,3,3.1813,1.50374E+18
BBGRL,50,36,50_ep0.2_0_gilbert_9.in,4,3.6383,1.50374E+18
BBGRL,50,32,50_ep0.2_0_gilbert_9.in,5,6.5738,1.50374E+18
BBGRL,50,26,50_ep0.2_0_gilbert_9.in,6,4.9,1.50374E+18
BBGRL,50,19,50_ep0.2_0_gilbert_9.in,7,7.0339,1.50374E+18
BBGRL,50,10,50_ep0.2_0_gilbert_9.in,8,3.6882,1.50374E+18
BBGRL,50,4,50_ep0.2_0_gilbert_9.in,9,3.8557,1.50374E+18
BBGRL,50,2,50_ep0.2_0_gilbert_9.in,10,2.5868,1.50374E+18
BBGRL,50,45,50_ep0.15_0_gilbert_1.in,1,1.6069,1.50374E+18
BBGRL,50,40,50_ep0.15_0_gilbert_1.in,2,4.947,1.50374E+18
BBGRL,50,34,50_ep0.15_0_gilbert_1.in,3,6.9985,1.50374E+18
BBGRL,50,25,50_ep0.15_0_gilbert_1.in,4,8.3876,1.50374E+18
BBGRL,50,4,50_ep0.15_0_gilbert_1.in,5,2.7475,1.50374E+18
BBGRL,50,2,50_ep0.15_0_gilbert_1.in,6,1.4974,1.50374E+18
BBGRL,50,1,50_ep0.15_0_gilbert_1.in,7,0.6983,1.50374E+18
BBGRL,50,1,50_ep0.15_0_gilbert_1.in,8,0.6891,1.50374E+18
BBGRL,50,1,50_ep0.15_0_gilbert_1.in,9,0.6948,1.50374E+18
BBGRL,50,1,50_ep0.15_0_gilbert_1.in,10,0.7319,1.50374E+18
BBGRL,50,46,50_ep0.15_0_gilbert_8.in,1,1.4262,1.50374E+18
BBGRL,50,41,50_ep0.15_0_gilbert_8.in,2,4.1407,1.50374E+18
BBGRL,50,35,50_ep0.15_0_gilbert_8.in,3,6.636,1.50374E+18
BBGRL,50,29,50_ep0.15_0_gilbert_8.in,4,7.3365,1.50374E+18
BBGRL,50,9,50_ep0.15_0_gilbert_8.in,5,6.326,1.50374E+18
BBGRL,50,2,50_ep0.15_0_gilbert_8.in,6,1.6516,1.50374E+18
BBGRL,50,1,50_ep0.15_0_gilbert_8.in,7,0.7432,1.50374E+18
BBGRL,50,1,50_ep0.15_0_gilbert_8.in,8,0.7438,1.50374E+18
BBGRL,50,1,50_ep0.15_0_gilbert_8.in,9,0.7361,1.50374E+18
BBGRL,50,1,50_ep0.15_0_gilbert_8.in,10,0.7577,1.50374E+18
BBGRL,50,47,50_ep0.2_0_gilbert_8.in,1,1.3796,1.50374E+18
BBGRL,50,43,50_ep0.2_0_gilbert_8.in,2,6.3907,1.50374E+18
BBGRL,50,37,50_ep0.2_0_gilbert_8.in,3,4.4895,1.50374E+18
BBGRL,50,30,50_ep0.2_0_gilbert_8.in,4,8.3669,1.50374E+18
BBGRL,50,2,50_ep0.2_0_gilbert_8.in,5,2.2456,1.50374E+18
BBGRL,50,1,50_ep0.2_0_gilbert_8.in,6,1.0819,1.50374E+18
BBGRL,50,1,50_ep0.2_0_gilbert_8.in,7,1.0635,1.50374E+18
BBGRL,50,1,50_ep0.2_0_gilbert_8.in,8,0.7233,1.50374E+18
BBGRL,50,1,50_ep0.2_0_gilbert_8.in,9,0.7209,1.50374E+18
BBGRL,50,1,50_ep0.2_0_gilbert_8.in,10,0.712,1.50374E+18
BBGRL,50,47,50_ep0.2_0_gilbert_7.in,1,1.2884,1.50374E+18
BBGRL,50,42,50_ep0.2_0_gilbert_7.in,2,2.3498,1.50374E+18
BBGRL,50,37,50_ep0.2_0_gilbert_7.in,3,7.0438,1.50374E+18
BBGRL,50,30,50_ep0.2_0_gilbert_7.in,4,8.3774,1.50374E+18
BBGRL,50,5,50_ep0.2_0_gilbert_7.in,5,6.4838,1.50374E+18
BBGRL,50,1,50_ep0.2_0_gilbert_7.in,6,1.137,1.50374E+18
BBGRL,50,1,50_ep0.2_0_gilbert_7.in,7,0.7065,1.50374E+18
BBGRL,50,1,50_ep0.2_0_gilbert_7.in,8,0.9594,1.50374E+18
BBGRL,50,1,50_ep0.2_0_gilbert_7.in,9,0.9495,1.50374E+18
BBGRL,50,1,50_ep0.2_0_gilbert_7.in,10,0.6907,1.50374E+18
BBGRL,50,45,50_ep0.15_0_gilbert_9.in,1,1.3247,1.50374E+18
BBGRL,50,41,50_ep0.15_0_gilbert_9.in,2,3.6442,1.50374E+18
BBGRL,50,35,50_ep0.15_0_gilbert_9.in,3,4.4376,1.50374E+18
BBGRL,50,29,50_ep0.15_0_gilbert_9.in,4,8.3689,1.50374E+18
BBGRL,50,16,50_ep0.15_0_gilbert_9.in,5,8.3709,1.50374E+18
BBGRL,50,2,50_ep0.15_0_gilbert_9.in,6,2.038,1.50374E+18
BBGRL,50,1,50_ep0.15_0_gilbert_9.in,7,0.7082,1.50374E+18
BBGRL,50,1,50_ep0.15_0_gilbert_9.in,8,0.7305,1.50374E+18
BBGRL,50,1,50_ep0.15_0_gilbert_9.in,9,0.7454,1.50374E+18
BBGRL,50,1,50_ep0.15_0_gilbert_9.in,10,0.7026,1.50374E+18
BBGRL,50,47,50_ep0.2_0_gilbert_10.in,1,1.3326,1.50374E+18
BBGRL,50,43,50_ep0.2_0_gilbert_10.in,2,2.1263,1.50374E+18
BBGRL,50,40,50_ep0.2_0_gilbert_10.in,3,5.2993,1.50374E+18
BBGRL,50,36,50_ep0.2_0_gilbert_10.in,4,7.2737,1.50374E+18
BBGRL,50,31,50_ep0.2_0_gilbert_10.in,5,7.6109,1.50374E+18
BBGRL,50,26,50_ep0.2_0_gilbert_10.in,6,8.3453,1.50374E+18
BBGRL,50,16,50_ep0.2_0_gilbert_10.in,7,8.3333,1.50374E+18
BBGRL,50,3,50_ep0.2_0_gilbert_10.in,8,2.8098,1.50374E+18
BBGRL,50,2,50_ep0.2_0_gilbert_10.in,9,2.2537,1.50374E+18
BBGRL,50,1,50_ep0.2_0_gilbert_10.in,10,1.2218,1.50374E+18
BBGRL,50,46,50_ep0.15_0_gilbert_2.in,1,1.823,1.50374E+18
BBGRL,50,40,50_ep0.15_0_gilbert_2.in,2,8.3705,1.50374E+18
BBGRL,50,29,50_ep0.15_0_gilbert_2.in,3,8.372,1.50374E+18
BBGRL,50,1,50_ep0.15_0_gilbert_2.in,4,0.9819,1.50374E+18
BBGRL,50,1,50_ep0.15_0_gilbert_2.in,5,0.9778,1.50374E+18
BBGRL,50,1,50_ep0.15_0_gilbert_2.in,6,0.9416,1.50374E+18
BBGRL,50,1,50_ep0.15_0_gilbert_2.in,7,0.5594,1.50374E+18
BBGRL,50,1,50_ep0.15_0_gilbert_2.in,8,0.5588,1.50374E+18
BBGRL,50,1,50_ep0.15_0_gilbert_2.in,9,0.5656,1.50374E+18
BBGRL,50,1,50_ep0.15_0_gilbert_2.in,10,0.5573,1.50374E+18
BBGRL,50,42,50_ep0.1_0_gilbert_2.in,1,2.2886,1.50374E+18
BBGRL,50,31,50_ep0.1_0_gilbert_2.in,2,5.7857,1.50374E+18
BBGRL,50,8,50_ep0.1_0_gilbert_2.in,3,2.2506,1.50374E+18
BBGRL,50,4,50_ep0.1_0_gilbert_2.in,4,1.8286,1.50374E+18
BBGRL,50,3,50_ep0.1_0_gilbert_2.in,5,1.3382,1.50374E+18
BBGRL,50,2,50_ep0.1_0_gilbert_2.in,6,0.9791,1.50374E+18
BBGRL,50,1,50_ep0.1_0_gilbert_2.in,7,0.6309,1.50374E+18
BBGRL,50,1,50_ep0.1_0_gilbert_2.in,8,0.63,1.50374E+18
BBGRL,50,1,50_ep0.1_0_gilbert_2.in,9,0.6399,1.50374E+18
BBGRL,50,1,50_ep0.1_0_gilbert_2.in,10,0.6324,1.50374E+18
BBGRL,50,43,50_ep0.1_0_gilbert_9.in,1,3.1907,1.50374E+18
BBGRL,50,33,50_ep0.1_0_gilbert_9.in,2,8.3518,1.50374E+18
BBGRL,50,2,50_ep0.1_0_gilbert_9.in,3,1.3899,1.50374E+18
BBGRL,50,1,50_ep0.1_0_gilbert_9.in,4,0.7956,1.50374E+18
BBGRL,50,1,50_ep0.1_0_gilbert_9.in,5,0.6078,1.50374E+18
BBGRL,50,1,50_ep0.1_0_gilbert_9.in,6,0.5926,1.50374E+18
BBGRL,50,1,50_ep0.1_0_gilbert_9.in,7,0.5427,1.50374E+18
BBGRL,50,1,50_ep0.1_0_gilbert_9.in,8,0.5422,1.50374E+18
BBGRL,50,1,50_ep0.1_0_gilbert_9.in,9,0.5411,1.50374E+18
BBGRL,50,1,50_ep0.1_0_gilbert_9.in,10,0.587,1.50374E+18
BBGRL,50,44,50_ep0.1_0_gilbert_4.in,1,2.1567,1.50374E+18
BBGRL,50,36,50_ep0.1_0_gilbert_4.in,2,6.0896,1.50374E+18
BBGRL,50,21,50_ep0.1_0_gilbert_4.in,3,8.3565,1.50374E+18
BBGRL,50,5,50_ep0.1_0_gilbert_4.in,4,2.66,1.50374E+18
BBGRL,50,3,50_ep0.1_0_gilbert_4.in,5,1.723,1.50374E+18
BBGRL,50,2,50_ep0.1_0_gilbert_4.in,6,0.9722,1.50374E+18
BBGRL,50,1,50_ep0.1_0_gilbert_4.in,7,0.6663,1.50374E+18
BBGRL,50,1,50_ep0.1_0_gilbert_4.in,8,0.621,1.50374E+18
BBGRL,50,1,50_ep0.1_0_gilbert_4.in,9,0.618,1.50374E+18
BBGRL,50,1,50_ep0.1_0_gilbert_4.in,10,0.6867,1.50374E+18
BBGRL,50,46,50_ep0.15_0_gilbert_4.in,1,2.3721,1.50374E+18
BBGRL,50,40,50_ep0.15_0_gilbert_4.in,2,7.4856,1.50374E+18
BBGRL,50,32,50_ep0.15_0_gilbert_4.in,3,8.3865,1.50374E+18
BBGRL,50,2,50_ep0.15_0_gilbert_4.in,4,1.9424,1.50374E+18
BBGRL,50,1,50_ep0.15_0_gilbert_4.in,5,0.5491,1.50374E+18
BBGRL,50,1,50_ep0.15_0_gilbert_4.in,6,0.5841,1.50374E+18
BBGRL,50,1,50_ep0.15_0_gilbert_4.in,7,0.6463,1.50374E+18
BBGRL,50,1,50_ep0.15_0_gilbert_4.in,8,0.8017,1.50374E+18
BBGRL,50,1,50_ep0.15_0_gilbert_4.in,9,0.8621,1.50374E+18
BBGRL,50,1,50_ep0.15_0_gilbert_4.in,10,0.9846,1.50374E+18
BBGRL,50,45,50_ep0.15_0_gilbert_5.in,1,2.4478,1.50374E+18
BBGRL,50,37,50_ep0.15_0_gilbert_5.in,2,6.865,1.50374E+18
BBGRL,50,7,50_ep0.15_0_gilbert_5.in,3,4.5534,1.50374E+18
BBGRL,50,2,50_ep0.15_0_gilbert_5.in,4,1.8575,1.50374E+18
BBGRL,50,1,50_ep0.15_0_gilbert_5.in,5,0.6517,1.50374E+18
BBGRL,50,1,50_ep0.15_0_gilbert_5.in,6,0.6609,1.50374E+18
BBGRL,50,1,50_ep0.15_0_gilbert_5.in,7,0.6375,1.50374E+18
BBGRL,50,1,50_ep0.15_0_gilbert_5.in,8,0.7041,1.50374E+18
BBGRL,50,1,50_ep0.15_0_gilbert_5.in,9,0.6215,1.50374E+18
BBGRL,50,1,50_ep0.15_0_gilbert_5.in,10,0.6688,1.50374E+18
BBGRL,50,45,50_ep0.15_0_gilbert_3.in,1,1.4722,1.50374E+18
BBGRL,50,41,50_ep0.15_0_gilbert_3.in,2,3.3882,1.50374E+18
BBGRL,50,36,50_ep0.15_0_gilbert_3.in,3,6.8821,1.50374E+18
BBGRL,50,31,50_ep0.15_0_gilbert_3.in,4,5.1097,1.50374E+18
BBGRL,50,19,50_ep0.15_0_gilbert_3.in,5,5.6513,1.50374E+18
BBGRL,50,8,50_ep0.15_0_gilbert_3.in,6,4.5946,1.50374E+18
BBGRL,50,3,50_ep0.15_0_gilbert_3.in,7,2.4194,1.50374E+18
BBGRL,50,2,50_ep0.15_0_gilbert_3.in,8,1.7777,1.50374E+18
BBGRL,50,1,50_ep0.15_0_gilbert_3.in,9,0.7905,1.50374E+18
BBGRL,50,1,50_ep0.15_0_gilbert_3.in,10,0.788,1.50374E+18
BBGRL,50,46,50_ep0.15_0_gilbert_10.in,1,1.5024,1.50374E+18
BBGRL,50,42,50_ep0.15_0_gilbert_10.in,2,2.6485,1.50374E+18
BBGRL,50,37,50_ep0.15_0_gilbert_10.in,3,4.0478,1.50374E+18
BBGRL,50,34,50_ep0.15_0_gilbert_10.in,4,6.5333,1.50374E+18
BBGRL,50,29,50_ep0.15_0_gilbert_10.in,5,8.1547,1.50374E+18
BBGRL,50,23,50_ep0.15_0_gilbert_10.in,6,7.4832,1.50374E+18
BBGRL,50,12,50_ep0.15_0_gilbert_10.in,7,3.8224,1.50374E+18
BBGRL,50,3,50_ep0.15_0_gilbert_10.in,8,2.6066,1.50374E+18
BBGRL,50,2,50_ep0.15_0_gilbert_10.in,9,1.8133,1.50374E+18
BBGRL,50,1,50_ep0.15_0_gilbert_10.in,10,1.1506,1.50374E+18
BBGRL,50,42,50_ep0.1_0_gilbert_8.in,1,2.7594,1.50374E+18
BBGRL,50,11,50_ep0.1_0_gilbert_8.in,2,6.0085,1.50374E+18
BBGRL,50,2,50_ep0.1_0_gilbert_8.in,3,1.4399,1.50374E+18
BBGRL,50,1,50_ep0.1_0_gilbert_8.in,4,0.4786,1.50374E+18
BBGRL,50,1,50_ep0.1_0_gilbert_8.in,5,0.4761,1.50374E+18
BBGRL,50,1,50_ep0.1_0_gilbert_8.in,6,0.4793,1.50374E+18
BBGRL,50,1,50_ep0.1_0_gilbert_8.in,7,0.4746,1.50374E+18
BBGRL,50,1,50_ep0.1_0_gilbert_8.in,8,0.4768,1.50374E+18
BBGRL,50,1,50_ep0.1_0_gilbert_8.in,9,0.4731,1.50374E+18
BBGRL,50,1,50_ep0.1_0_gilbert_8.in,10,0.4725,1.50374E+18
BBGRL,50,44,50_ep0.1_0_gilbert_5.in,1,1.9809,1.50374E+18
BBGRL,50,37,50_ep0.1_0_gilbert_5.in,2,6.5554,1.50374E+18
BBGRL,50,21,50_ep0.1_0_gilbert_5.in,3,8.3554,1.50374E+18
BBGRL,50,2,50_ep0.1_0_gilbert_5.in,4,1.5932,1.50374E+18
BBGRL,50,1,50_ep0.1_0_gilbert_5.in,5,0.5619,1.50374E+18
BBGRL,50,1,50_ep0.1_0_gilbert_5.in,6,0.5648,1.50374E+18
BBGRL,50,1,50_ep0.1_0_gilbert_5.in,7,0.6081,1.50374E+18
BBGRL,50,1,50_ep0.1_0_gilbert_5.in,8,0.623,1.50374E+18
BBGRL,50,1,50_ep0.1_0_gilbert_5.in,9,0.5723,1.50374E+18
BBGRL,50,1,50_ep0.1_0_gilbert_5.in,10,0.5635,1.50374E+18
BBGRL,50,47,50_ep0.2_0_gilbert_5.in,1,1.3101,1.50374E+18
BBGRL,50,43,50_ep0.2_0_gilbert_5.in,2,1.8308,1.50374E+18
BBGRL,50,40,50_ep0.2_0_gilbert_5.in,3,3.4953,1.50374E+18
BBGRL,50,36,50_ep0.2_0_gilbert_5.in,4,5.5072,1.50374E+18
BBGRL,50,32,50_ep0.2_0_gilbert_5.in,5,7.7551,1.50374E+18
BBGRL,50,28,50_ep0.2_0_gilbert_5.in,6,7.5341,1.50374E+18
BBGRL,50,22,50_ep0.2_0_gilbert_5.in,7,8.1314,1.50374E+18
BBGRL,50,13,50_ep0.2_0_gilbert_5.in,8,3.5928,1.50374E+18
BBGRL,50,5,50_ep0.2_0_gilbert_5.in,9,3.874,1.50374E+18
BBGRL,50,3,50_ep0.2_0_gilbert_5.in,10,2.6736,1.50E+18
